hatsune miku, vocaloid	hatsune_miku	147160
hakurei reimu, touhou	hakurei_reimu	102007
kirisame marisa, touhou	kirisame_marisa	88247
flandre scarlet, touhou	flandre_scarlet	63750
remilia scarlet, touhou	remilia_scarlet	63088
izayoi sakuya, touhou	izayoi_sakuya	53660
artoria pendragon (fate), fate (series)	artoria_pendragon_(fate)	46397
komeiji koishi, touhou	komeiji_koishi	45735
kochiya sanae, touhou	kochiya_sanae	41371
konpaku youmu, touhou	konpaku_youmu	41171
cirno, touhou	cirno	41132
sensei (blue archive), blue archive	sensei_(blue_archive)	40180
alice margatroid, touhou	alice_margatroid	40143
patchouli knowledge, touhou	patchouli_knowledge	39124
admiral (kancolle), kantai collection	admiral_(kancolle)	39073
yakumo yukari, touhou	yakumo_yukari	38820
shameimaru aya, touhou	shameimaru_aya	34515
reisen udongein inaba, touhou	reisen_udongein_inaba	31459
komeiji satori, touhou	komeiji_satori	31246
fujiwara no mokou, touhou	fujiwara_no_mokou	30875
akemi homura, mahou shoujo madoka magica	akemi_homura	30206
kaname madoka, mahou shoujo madoka magica	kaname_madoka	30182
hong meiling, touhou	hong_meiling	28396
saigyouji yuyuko, touhou	saigyouji_yuyuko	28201
kagamine rin, vocaloid	kagamine_rin	26486
inubashiri momiji, touhou	inubashiri_momiji	26275
konpaku youmu (ghost), touhou	konpaku_youmu_(ghost)	23040
yakumo ran, touhou	yakumo_ran	22998
kaenbyou rin, touhou	kaenbyou_rin	22900
rumia, touhou	rumia	22594
lumine (genshin impact), genshin impact	lumine_(genshin_impact)	22414
warrior of light (ff14), final fantasy	warrior_of_light_(ff14)	22408
kaga (kancolle), kantai collection	kaga_(kancolle)	22228
moriya suwako, touhou	moriya_suwako	22190
raiden shogun, genshin impact	raiden_shogun	22139
trailblazer (honkai: star rail), honkai: star rail	trailblazer_(honkai:_star_rail)	21571
saber (fate), fate (series)	saber_(fate)	21305
mash kyrielight, fate (series)	mash_kyrielight	21041
mash kyrielight, fate/grand order	mash_kyrielight	21041
shimakaze (kancolle), kantai collection	shimakaze_(kancolle)	20809
reiuji utsuho, touhou	reiuji_utsuho	20785
chen, touhou	chen	20730
kazami yuuka, touhou	kazami_yuuka	20415
miki sayaka, mahou shoujo madoka magica	miki_sayaka	20302
ganyu (genshin impact), genshin impact	ganyu_(genshin_impact)	20266
hina (blue archive), blue archive	hina_(blue_archive)	19841
yuuka (blue archive), blue archive	yuuka_(blue_archive)	19118
tatara kogasa, touhou	tatara_kogasa	18811
asuna (blue archive), blue archive	asuna_(blue_archive)	18780
kawashiro nitori, touhou	kawashiro_nitori	18768
gotoh hitori, bocchi the rock!	gotoh_hitori	18133
houraisan kaguya, touhou	houraisan_kaguya	18112
hibiki (kancolle), kantai collection	hibiki_(kancolle)	18090
houshou marine, hololive	houshou_marine	18073
hinanawi tenshi, touhou	hinanawi_tenshi	18007
gardevoir, pokemon	gardevoir	17964
kamishirasawa keine, touhou	kamishirasawa_keine	17962
shigure (kancolle), kantai collection	shigure_(kancolle)	17837
pikachu, pokemon	pikachu	17734
souryuu asuka langley, neon genesis evangelion	souryuu_asuka_langley	17638
kagamine len, vocaloid	kagamine_len	17318
tifa lockhart, final fantasy	tifa_lockhart	17225
sakura kyoko, mahou shoujo madoka magica	sakura_kyoko	17187
princess zelda, the legend of zelda	princess_zelda	16941
tomoe mami, mahou shoujo madoka magica	tomoe_mami	16933
firefly (honkai: star rail), honkai: star rail	firefly_(honkai:_star_rail)	16774
fujimaru ritsuka (female), fate/grand order	fujimaru_ritsuka_(female)	16591
gawr gura, hololive	gawr_gura	16542
mika (blue archive), blue archive	mika_(blue_archive)	16489
frieren, sousou no frieren	frieren	16386
koakuma, touhou	koakuma	16316
mystia lorelei, touhou	mystia_lorelei	16304
nazrin, touhou	nazrin	16231
shirakami fubuki, hololive	shirakami_fubuki	16181
ibuki suika, touhou	ibuki_suika	16140
inaba tewi, touhou	inaba_tewi	15829
usami renko, touhou	usami_renko	15647
inkling player character, splatoon (series)	inkling_player_character	15611
hoshino (blue archive), blue archive	hoshino_(blue_archive)	15406
hoshimachi suisei, hololive	hoshimachi_suisei	15395
maribel hearn, touhou	maribel_hearn	15269
rio (blue archive), blue archive	rio_(blue_archive)	15051
hijiri byakuren, touhou	hijiri_byakuren	14757
ouro kronii, hololive	ouro_kronii	14685
hu tao (genshin impact), genshin impact	hu_tao_(genshin_impact)	14639
agnes tachyon (umamusume), umamusume	agnes_tachyon_(umamusume)	14515
furina (genshin impact), genshin impact	furina_(genshin_impact)	14076
kongou (kancolle), kantai collection	kongou_(kancolle)	14072
nanami chiaki, danganronpa (series)	nanami_chiaki	14042
megurine luka, vocaloid	megurine_luka	14022
jeanne d'arc alter (fate), fate/grand order	jeanne_d'arc_alter_(fate)	13846
elysia (honkai impact), honkai (series)	elysia_(honkai_impact)	13744
inazuma (kancolle), kantai collection	inazuma_(kancolle)	13569
nahida (genshin impact), genshin impact	nahida_(genshin_impact)	13555
inkling girl, splatoon (series)	inkling_girl	13524
manhattan cafe (umamusume), umamusume	manhattan_cafe_(umamusume)	13519
yagokoro eirin, touhou	yagokoro_eirin	13425
stelle (honkai: star rail), honkai: star rail	stelle_(honkai:_star_rail)	13399
mizuhashi parsee, touhou	mizuhashi_parsee	13300
kisaki (blue archive), blue archive	kisaki_(blue_archive)	13287
yasaka kanako, touhou	yasaka_kanako	13266
akagi (kancolle), kantai collection	akagi_(kancolle)	13017
ninomae ina'nis, hololive	ninomae_ina'nis	12879
mori calliope, hololive	mori_calliope	12800
abigail williams (fate), fate/grand order	abigail_williams_(fate)	12761
yae miko, genshin impact	yae_miko	12526
2b (nier:automata), nier (series)	2b_(nier:automata)	12471
2b (nier:automata), nier:automata	2b_(nier:automata)	12471
amiya (arknights), arknights	amiya_(arknights)	12313
toki (blue archive), blue archive	toki_(blue_archive)	12288
yuudachi (kancolle), kantai collection	yuudachi_(kancolle)	12197
aerith gainsborough, final fantasy	aerith_gainsborough	12067
usada pekora, hololive	usada_pekora	12051
tenryuu (kancolle), kantai collection	tenryuu_(kancolle)	12028
aris (blue archive), blue archive	aris_(blue_archive)	11991
nekomata okayu, hololive	nekomata_okayu	11832
kayoko (blue archive), blue archive	kayoko_(blue_archive)	11790
mari (blue archive), blue archive	mari_(blue_archive)	11622
shiroko (blue archive), blue archive	shiroko_(blue_archive)	11604
yor briar, spy x family	yor_briar	11560
daiyousei, touhou	daiyousei	11459
nero claudius (fate), fate (series)	nero_claudius_(fate)	11438
kazusa (blue archive), blue archive	kazusa_(blue_archive)	11328
manjuu (azur lane), azur lane	manjuu_(azur_lane)	11276
nami (one piece), one piece	nami_(one_piece)	11225
illyasviel von einzbern, fate (series)	illyasviel_von_einzbern	11186
suzumiya haruhi, suzumiya haruhi no yuuutsu	suzumiya_haruhi	11168
makima (chainsaw man), chainsaw man	makima_(chainsaw_man)	11145
kirby, kirby (series)	kirby	11114
gold ship (umamusume), umamusume	gold_ship_(umamusume)	11066
tohsaka rin, fate (series)	tohsaka_rin	10989
chihaya anon, bang dream!	chihaya_anon	10942
hamakaze (kancolle), kantai collection	hamakaze_(kancolle)	10942
misaka mikoto, toaru majutsu no index	misaka_mikoto	10923
megumin, kono subarashii sekai ni shukufuku wo!	megumin	10920
akatsuki (kancolle), kantai collection	akatsuki_(kancolle)	10693
hoshiguma yuugi, touhou	hoshiguma_yuugi	10678
takanashi kiara, hololive	takanashi_kiara	10615
akiyama mio, k-on!	akiyama_mio	10602
ayanami rei, neon genesis evangelion	ayanami_rei	10567
wriggle nightbug, touhou	wriggle_nightbug	10459
shanghai doll, touhou	shanghai_doll	10400
onozuka komachi, touhou	onozuka_komachi	10372
koharu (blue archive), blue archive	koharu_(blue_archive)	10368
rem (re:zero), re:zero kara hajimeru isekai seikatsu	rem_(re:zero)	10349
sakura miko, hololive	sakura_miko	10335
reze (chainsaw man), chainsaw man	reze_(chainsaw_man)	10233
rice shower (umamusume), umamusume	rice_shower_(umamusume)	10143
fate testarossa, lyrical nanoha	fate_testarossa	10078
tokoyami towa, hololive	tokoyami_towa	10014
mona (genshin impact), genshin impact	mona_(genshin_impact)	9990
yuudachi kai ni (kancolle), kantai collection	yuudachi_kai_ni_(kancolle)	9974
columbina (genshin impact), genshin impact	columbina_(genshin_impact)	9931
nagato (kancolle), kantai collection	nagato_(kancolle)	9837
fern (sousou no frieren), sousou no frieren	fern_(sousou_no_frieren)	9820
march 7th (honkai: star rail), honkai: star rail	march_7th_(honkai:_star_rail)	9761
nanashi mumei, hololive	nanashi_mumei	9711
minato aqua, hololive	minato_aqua	9671
seia (blue archive), blue archive	seia_(blue_archive)	9634
pyra (xenoblade), xenoblade chronicles (series)	pyra_(xenoblade)	9590
nagasaki soyo, bang dream!	nagasaki_soyo	9578
scathach (fate), fate (series)	scathach_(fate)	9532
kita ikuyo, bocchi the rock!	kita_ikuyo	9453
kyubey, mahou shoujo madoka magica	kyubey	9445
nakano azusa, k-on!	nakano_azusa	9304
nagato yuki, suzumiya haruhi no yuuutsu	nagato_yuki	9285
chun-li, street fighter	chun-li	9246
kinomoto sakura, cardcaptor sakura	kinomoto_sakura	9080
daiwa scarlet (umamusume), umamusume	daiwa_scarlet_(umamusume)	9068
hirasawa yui, k-on!	hirasawa_yui	8975
ryuujou (kancolle), kantai collection	ryuujou_(kancolle)	8962
matoi ryuuko, kill la kill	matoi_ryuuko	8810
mejiro mcqueen (umamusume), umamusume	mejiro_mcqueen_(umamusume)	8800
jeanne d'arc (fate), fate (series)	jeanne_d'arc_(fate)	8799
texas (arknights), arknights	texas_(arknights)	8715
princess peach, mario (series)	princess_peach	8695
karin (blue archive), blue archive	karin_(blue_archive)	8658
noa (blue archive), blue archive	noa_(blue_archive)	8636
ookami mio, hololive	ookami_mio	8575
nishikigi chisato, lycoris recoil	nishikigi_chisato	8559
plana (blue archive), blue archive	plana_(blue_archive)	8543
mythra (xenoblade), xenoblade chronicles (series)	mythra_(xenoblade)	8481
keqing (genshin impact), genshin impact	keqing_(genshin_impact)	8461
paimon (genshin impact), genshin impact	paimon_(genshin_impact)	8440
nishikino maki, love live!	nishikino_maki	8436
serval (kemono friends), kemono friends	serval_(kemono_friends)	8397
takamachi nanoha, lyrical nanoha	takamachi_nanoha	8367
kafuu chino, gochuumon wa usagi desu ka?	kafuu_chino	8270
samus aran, metroid	samus_aran	8215
kafka (honkai: star rail), honkai (series)	kafka_(honkai:_star_rail)	8144
hata no kokoro, touhou	hata_no_kokoro	8110
suletta mercury, gundam	suletta_mercury	8091
sparkle (honkai: star rail), honkai: star rail	sparkle_(honkai:_star_rail)	8053
kiana kaslana, honkai (series)	kiana_kaslana	8049
oozora subaru, hololive	oozora_subaru	8041
okita souji (fate), fate (series)	okita_souji_(fate)	7986
okita souji (fate), fate/grand order	okita_souji_(fate)	7986
oyama mahiro, onii-chan wa oshimai!	oyama_mahiro	7984
arona (blue archive), blue archive	arona_(blue_archive)	7967
shiina taki, bang dream!	shiina_taki	7963
shiori novella, hololive	shiori_novella	7922
momoi (blue archive), blue archive	momoi_(blue_archive)	7887
yazawa nico, love live!	yazawa_nico	7872
shuten douji (fate), fate (series)	shuten_douji_(fate)	7842
amane kanata, hololive	amane_kanata	7830
ijichi nijika, bocchi the rock!	ijichi_nijika	7827
nico robin, one piece	nico_robin	7827
baobhan sith (fate), fate/grand order	baobhan_sith_(fate)	7824
sonoda umi, love live!	sonoda_umi	7759
aru (blue archive), blue archive	aru_(blue_archive)	7758
ibaraki kasen, touhou	ibaraki_kasen	7748
nerissa ravencroft, hololive	nerissa_ravencroft	7729
yukihana lamy, hololive	yukihana_lamy	7720
hakos baelz, hololive	hakos_baelz	7699
nagae iku, touhou	nagae_iku	7687
gawr gura (1st costume), hololive	gawr_gura_(1st_costume)	7657
hanako (blue archive), blue archive	hanako_(blue_archive)	7649
tainaka ritsu, k-on!	tainaka_ritsu	7601
shibuya rin, idolmaster	shibuya_rin	7484
watson amelia, hololive	watson_amelia	7460
kamisato ayaka, genshin impact	kamisato_ayaka	7412
shirogane noel, hololive	shirogane_noel	7398
inugami korone, hololive	inugami_korone	7395
miorine rembran, gundam	miorine_rembran	7310
saber alter, fate (series)	saber_alter	7310
lappland (arknights), arknights	lappland_(arknights)	7282
tokai teio (umamusume), umamusume	tokai_teio_(umamusume)	7276
ayase eli, love live!	ayase_eli	7271
klee (genshin impact), genshin impact	klee_(genshin_impact)	7262
morrigan aensland, vampire (game)	morrigan_aensland	7232
ako (blue archive), blue archive	ako_(blue_archive)	7114
hasumi (blue archive), blue archive	hasumi_(blue_archive)	7076
sakamata chloe, hololive	sakamata_chloe	7074
meiko (vocaloid), vocaloid	meiko_(vocaloid)	7069
asuna (bunny) (blue archive), blue archive	asuna_(bunny)_(blue_archive)	7003
arcueid brunestud, fate/grand order	arcueid_brunestud	6958
skadi (arknights), arknights	skadi_(arknights)	6946
matou sakura, fate (series)	matou_sakura	6909
tsukino usagi, bishoujo senshi sailor moon	tsukino_usagi	6898
oguri cap (umamusume), umamusume	oguri_cap_(umamusume)	6897
suzuran (arknights), arknights	suzuran_(arknights)	6887
inoue takina, lycoris recoil	inoue_takina	6873
acheron (honkai: star rail), honkai: star rail	acheron_(honkai:_star_rail)	6853
aqua (konosuba), kono subarashii sekai ni shukufuku wo!	aqua_(konosuba)	6836
anya (spy x family), spy x family	anya_(spy_x_family)	6819
oshino shinobu, monogatari (series)	oshino_shinobu	6802
hk416 (girls' frontline), girls' frontline	hk416_(girls'_frontline)	6795
watanabe you, love live!	watanabe_you	6780
kijin seija, touhou	kijin_seija	6773
mordred (fate), fate (series)	mordred_(fate)	6768
northern ocean princess, kantai collection	northern_ocean_princess	6765
power (chainsaw man), chainsaw man	power_(chainsaw_man)	6759
kanna (blue archive), blue archive	kanna_(blue_archive)	6738
ishmael (project moon), limbus company	ishmael_(project_moon)	6697
yamada ryo, bocchi the rock!	yamada_ryo	6659
minamoto no raikou (fate), fate/grand order	minamoto_no_raikou_(fate)	6638
bb (fate), fate (series)	bb_(fate)	6610
shishiro botan, hololive	shishiro_botan	6608
izumi konata, lucky star	izumi_konata	6602
kal'tsit (arknights), arknights	kal'tsit_(arknights)	6593
midori (blue archive), blue archive	midori_(blue_archive)	6579
don quixote (project moon), limbus company	don_quixote_(project_moon)	6550
kitagawa marin, sono bisque doll wa koi wo suru	kitagawa_marin	6545
saori (blue archive), blue archive	saori_(blue_archive)	6544
hiiragi kagami, lucky star	hiiragi_kagami	6535
mirko, boku no hero academia	mirko	6501
eula (genshin impact), genshin impact	eula_(genshin_impact)	6474
taihou (azur lane), azur lane	taihou_(azur_lane)	6465
silence suzuka (umamusume), umamusume	silence_suzuka_(umamusume)	6462
shenhe (genshin impact), genshin impact	shenhe_(genshin_impact)	6403
amami haruka, idolmaster	amami_haruka	6376
rensouhou-chan, kantai collection	rensouhou-chan	6348
fuwawa abyssgard, hololive	fuwawa_abyssgard	6341
morgan le fay (fate), fate/grand order	morgan_le_fay_(fate)	6327
mutsuki (blue archive), blue archive	mutsuki_(blue_archive)	6326
mococo abyssgard, hololive	mococo_abyssgard	6263
houshou marine (1st costume), hololive	houshou_marine_(1st_costume)	6222
silver wolf (honkai: star rail), honkai (series)	silver_wolf_(honkai:_star_rail)	6173
angelina (arknights), arknights	angelina_(arknights)	6152
asuna (sao), sword art online	asuna_(sao)	6121
toki (bunny) (blue archive), blue archive	toki_(bunny)_(blue_archive)	6032
nilou (genshin impact), genshin impact	nilou_(genshin_impact)	6012
neru (blue archive), blue archive	neru_(blue_archive)	6007
arlecchino (genshin impact), genshin impact	arlecchino_(genshin_impact)	5990
irys (hololive), hololive	irys_(hololive)	5981
la+ darknesss, hololive	la+_darknesss	5974
higuchi madoka, idolmaster	higuchi_madoka	5969
sukuna shinmyoumaru, touhou	sukuna_shinmyoumaru	5932
kotobuki tsumugi, k-on!	kotobuki_tsumugi	5924
minami kotori, love live!	minami_kotori	5920
kaban (kemono friends), kemono friends	kaban_(kemono_friends)	5907
mutsu (kancolle), kantai collection	mutsu_(kancolle)	5900
raiden mei, honkai (series)	raiden_mei	5886
c.c., code geass	c.c.	5885
medusa (fate), fate (series)	medusa_(fate)	5868
exusiai (arknights), arknights	exusiai_(arknights)	5833
artoria pendragon (lancer) (fate), fate/grand order	artoria_pendragon_(lancer)_(fate)	5831
boo tao (genshin impact), genshin impact	boo_tao_(genshin_impact)	5828
ceres fauna, hololive	ceres_fauna	5678
nice nature (umamusume), umamusume	nice_nature_(umamusume)	5652
ereshkigal (fate), fate/grand order	ereshkigal_(fate)	5651
satono diamond (umamusume), umamusume	satono_diamond_(umamusume)	5636
ange katrina, nijisanji	ange_katrina	5633
yumemi riamu, idolmaster	yumemi_riamu	5607
okita souji (koha-ace), fate (series)	okita_souji_(koha-ace)	5603
okita souji (koha-ace), fate/grand order	okita_souji_(koha-ace)	5603
stocking (psg), panty & stocking with garterbelt	stocking_(psg)	5575
nakiri ayame, hololive	nakiri_ayame	5568
miyu (blue archive), blue archive	miyu_(blue_archive)	5566
edelgard von hresvelg, fire emblem	edelgard_von_hresvelg	5525
haruno sakura, naruto (series)	haruno_sakura	5511
ibuki (blue archive), blue archive	ibuki_(blue_archive)	5494
bremerton (azur lane), azur lane	bremerton_(azur_lane)	5485
yoko littner, tengen toppa gurren lagann	yoko_littner	5469
senketsu, kill la kill	senketsu	5466
lucina (fire emblem), fire emblem	lucina_(fire_emblem)	5441
surtr (arknights), arknights	surtr_(arknights)	5388
emilia (re:zero), re:zero kara hajimeru isekai seikatsu	emilia_(re:zero)	5359
ishtar (fate), fate (series)	ishtar_(fate)	5353
shiranui flare, hololive	shiranui_flare	5345
hakui koyori, hololive	hakui_koyori	5268
meltryllis (fate), fate (series)	meltryllis_(fate)	5267
fu hua, honkai (series)	fu_hua	5261
symboli rudolf (umamusume), umamusume	symboli_rudolf_(umamusume)	5241
murasaki shion, hololive	murasaki_shion	5238
kiryuuin satsuki, kill la kill	kiryuuin_satsuki	5232
miyako (blue archive), blue archive	miyako_(blue_archive)	5229
ui (blue archive), blue archive	ui_(blue_archive)	5228
koseki bijou, hololive	koseki_bijou	5192
miyamoto musashi (fate), fate/grand order	miyamoto_musashi_(fate)	5181
hoshizora rin, love live!	hoshizora_rin	5154
kitasan black (umamusume), umamusume	kitasan_black_(umamusume)	5142
takamatsu tomori, bang dream!	takamatsu_tomori	5139
suigintou, rozen maiden	suigintou	5114
shu (arknights), arknights	shu_(arknights)	5106
special week (umamusume), umamusume	special_week_(umamusume)	5101
bronya zaychik, honkai (series)	bronya_zaychik	5079
formidable (azur lane), azur lane	formidable_(azur_lane)	5048
nonomi (blue archive), blue archive	nonomi_(blue_archive)	5005
tatsumaki, one-punch man	tatsumaki	5002
prinz eugen (azur lane), azur lane	prinz_eugen_(azur_lane)	4982
sailor moon, bishoujo senshi sailor moon	sailor_moon	4918
shimamura uzuki, idolmaster	shimamura_uzuki	4912
atago (azur lane), azur lane	atago_(azur_lane)	4905
hifumi (blue archive), blue archive	hifumi_(blue_archive)	4903
akamatsu kaede, danganronpa (series)	akamatsu_kaede	4894
usada pekora (1st costume), hololive	usada_pekora_(1st_costume)	4892
w (arknights), arknights	w_(arknights)	4869
herta (honkai: star rail), honkai (series)	herta_(honkai:_star_rail)	4863
rosalina, mario (series)	rosalina	4845
shiroko terror (blue archive), blue archive	shiroko_terror_(blue_archive)	4778
faust (project moon), limbus company	faust_(project_moon)	4772
mikasa ackerman, shingeki no kyojin	mikasa_ackerman	4754
takarada rikka, gridman universe	takarada_rikka	4751
haru urara (umamusume), umamusume	haru_urara_(umamusume)	4709
yelan (genshin impact), genshin impact	yelan_(genshin_impact)	4707
nakano nino, go-toubun no hanayome	nakano_nino	4705
uruha rushia, hololive	uruha_rushia	4705
ichika (blue archive), blue archive	ichika_(blue_archive)	4704
curren chan (umamusume), umamusume	curren_chan_(umamusume)	4698
shirakami fubuki (1st costume), hololive	shirakami_fubuki_(1st_costume)	4694
lize helesta, nijisanji	lize_helesta	4686
wo-class aircraft carrier, kantai collection	wo-class_aircraft_carrier	4686
ump45 (girls' frontline), girls' frontline	ump45_(girls'_frontline)	4680
chloe von einzbern, fate (series)	chloe_von_einzbern	4651
nagisa (blue archive), blue archive	nagisa_(blue_archive)	4645
artoria caster (fate), fate/grand order	artoria_caster_(fate)	4621
reisalin stout, atelier (series)	reisalin_stout	4612
natsuiro matsuri, hololive	natsuiro_matsuri	4601
tsushima yoshiko, love live!	tsushima_yoshiko	4595
ch'en (arknights), arknights	ch'en_(arknights)	4569
djeeta (granblue fantasy), granblue fantasy	djeeta_(granblue_fantasy)	4563
sangonomiya kokomi, genshin impact	sangonomiya_kokomi	4554
izuna (blue archive), blue archive	izuna_(blue_archive)	4551
kazama iroha, hololive	kazama_iroha	4546
hyuuga hinata, naruto (series)	hyuuga_hinata	4533
holo, spice and wolf	holo	4526
karyl (princess connect!), princess connect!	karyl_(princess_connect!)	4521
medusa (rider) (fate), fate (series)	medusa_(rider)_(fate)	4517
black rock shooter (character), black rock shooter	black_rock_shooter_(character)	4504
iroha (blue archive), blue archive	iroha_(blue_archive)	4501
zero two (darling in the franxx), darling in the franxx	zero_two_(darling_in_the_franxx)	4484
kikyou (blue archive), blue archive	kikyou_(blue_archive)	4480
kujo jolyne, jojo no kimyou na bouken	kujo_jolyne	4474
kirigiri kyoko, danganronpa (series)	kirigiri_kyoko	4459
wakamo (blue archive), blue archive	wakamo_(blue_archive)	4406
enoshima junko, danganronpa (series)	enoshima_junko	4405
belfast (azur lane), azur lane	belfast_(azur_lane)	4397
sakurauchi riko, love live!	sakurauchi_riko	4396
asahina mikuru, suzumiya haruhi no yuuutsu	asahina_mikuru	4391
makise kurisu, steins;gate	makise_kurisu	4387
elysia (miss pink elf) (honkai impact), honkai (series)	elysia_(miss_pink_elf)_(honkai_impact)	4385
mudrock (arknights), arknights	mudrock_(arknights)	4340
kama (fate), fate/grand order	kama_(fate)	4320
sirius (azur lane), azur lane	sirius_(azur_lane)	4320
cheval grand (umamusume), umamusume	cheval_grand_(umamusume)	4304
yuzu (blue archive), blue archive	yuzu_(blue_archive)	4296
tamamo cross (umamusume), umamusume	tamamo_cross_(umamusume)	4277
takodachi (ninomae ina'nis), hololive	takodachi_(ninomae_ina'nis)	4274
iori (blue archive), blue archive	iori_(blue_archive)	4270
hiroi kikuri, bocchi the rock!	hiroi_kikuri	4269
koizumi hanayo, love live!	koizumi_hanayo	4250
chouzetsusaikawa tenshi-chan, needy girl overdose	chouzetsusaikawa_tenshi-chan	4222
dusk (arknights), arknights	dusk_(arknights)	4211
kiryu coco, hololive	kiryu_coco	4201
fischl (genshin impact), genshin impact	fischl_(genshin_impact)	4178
asahina mafuyu, project sekai	asahina_mafuyu	4169
admire vega (umamusume), umamusume	admire_vega_(umamusume)	4168
shokuhou misaki, toaru majutsu no index	shokuhou_misaki	4164
nakano miku, go-toubun no hanayome	nakano_miku	4161
hestia (danmachi), dungeon ni deai wo motomeru no wa machigatteiru darou ka	hestia_(danmachi)	4157
tsukino mito, nijisanji	tsukino_mito	4142
kyon, suzumiya haruhi no yuuutsu	kyon	4141
t.m. opera o (umamusume), umamusume	t.m._opera_o_(umamusume)	4103
jean (genshin impact), genshin impact	jean_(genshin_impact)	4101
takami chika, love live!	takami_chika	4096
yuuka (track) (blue archive), blue archive	yuuka_(track)_(blue_archive)	4087
barbara (genshin impact), genshin impact	barbara_(genshin_impact)	4077
ryoshu (project moon), limbus company	ryoshu_(project_moon)	4076
serika (blue archive), blue archive	serika_(blue_archive)	4073
oda nobunaga (fate), fate (series)	oda_nobunaga_(fate)	4063
don-chan (usada pekora), hololive	don-chan_(usada_pekora)	4043
kochou shinobu, kimetsu no yaiba	kochou_shinobu	4034
shirai kuroko, toaru majutsu no index	shirai_kuroko	4017
alice (alice in wonderland), alice in wonderland	alice_(alice_in_wonderland)	3999
king halo (umamusume), umamusume	king_halo_(umamusume)	3997
azki (hololive), hololive	azki_(hololive)	3991
mihono bourbon (umamusume), umamusume	mihono_bourbon_(umamusume)	3975
mayuzumi fuyuko, idolmaster	mayuzumi_fuyuko	3969
kokona (blue archive), blue archive	kokona_(blue_archive)	3954
florence nightingale (fate), fate (series)	florence_nightingale_(fate)	3947
kokkoro (princess connect!), princess connect!	kokkoro_(princess_connect!)	3915
yoimiya (genshin impact), genshin impact	yoimiya_(genshin_impact)	3910
karin (bunny) (blue archive), blue archive	karin_(bunny)_(blue_archive)	3842
narmaya (granblue fantasy), granblue fantasy	narmaya_(granblue_fantasy)	3839
anis (nikke), goddess of victory: nikke	anis_(nikke)	3819
shirogane naoto, persona	shirogane_naoto	3814
toga himiko, boku no hero academia	toga_himiko	3811
shinonome ena, project sekai	shinonome_ena	3808
shiroko (swimsuit) (blue archive), blue archive	shiroko_(swimsuit)_(blue_archive)	3807
momosuzu nene, hololive	momosuzu_nene	3806
hoto cocoa, gochuumon wa usagi desu ka?	hoto_cocoa	3801
mayano top gun (umamusume), umamusume	mayano_top_gun_(umamusume)	3791
makaino ririmu, nijisanji	makaino_ririmu	3785
nia (xenoblade), xenoblade chronicles (series)	nia_(xenoblade)	3783
azusa (blue archive), blue archive	azusa_(blue_archive)	3761
omaru polka, hololive	omaru_polka	3757
jack the ripper (fate/apocrypha), fate (series)	jack_the_ripper_(fate/apocrypha)	3756
hiiragi tsukasa, lucky star	hiiragi_tsukasa	3741
unicorn (azur lane), azur lane	unicorn_(azur_lane)	3709
seele vollerei, honkai (series)	seele_vollerei	3705
nakano yotsuba, go-toubun no hanayome	nakano_yotsuba	3702
mostima (arknights), arknights	mostima_(arknights)	3693
reisa (blue archive), blue archive	reisa_(blue_archive)	3667
seiun sky (umamusume), umamusume	seiun_sky_(umamusume)	3665
satonaka chie, persona	satonaka_chie	3663
vodka (umamusume), umamusume	vodka_(umamusume)	3663
tsunomaki watame, hololive	tsunomaki_watame	3658
lum, urusei yatsura	lum	3657
miyu edelfelt, fate (series)	miyu_edelfelt	3644
kuchiki rukia, bleach	kuchiki_rukia	3638
natsu (blue archive), blue archive	natsu_(blue_archive)	3630
yoru (chainsaw man), chainsaw man	yoru_(chainsaw_man)	3628
arima kana, oshi no ko	arima_kana	3610
gokou ruri, ore no imouto ga konna ni kawaii wake ga nai	gokou_ruri	3600
ram (re:zero), re:zero kara hajimeru isekai seikatsu	ram_(re:zero)	3600
uehara ayumu, love live!	uehara_ayumu	3596
darkness (konosuba), kono subarashii sekai ni shukufuku wo!	darkness_(konosuba)	3592
jeanne d'arc alter (avenger) (fate), fate/grand order	jeanne_d'arc_alter_(avenger)_(fate)	3591
inoue orihime, bleach	inoue_orihime	3556
hibiki (blue archive), blue archive	hibiki_(blue_archive)	3553
inui toko, nijisanji	inui_toko	3551
pecorine (princess connect!), princess connect!	pecorine_(princess_connect!)	3533
nian (arknights), arknights	nian_(arknights)	3518
harukawa maki, danganronpa (series)	harukawa_maki	3501
melusine (fate), fate/grand order	melusine_(fate)	3501
elizabeth bathory (fate), fate (series)	elizabeth_bathory_(fate)	3491
ouro kronii (1st costume), hololive	ouro_kronii_(1st_costume)	3471
senjougahara hitagi, monogatari (series)	senjougahara_hitagi	3454
nitocris (fate), fate/grand order	nitocris_(fate)	3449
ayanami (azur lane), azur lane	ayanami_(azur_lane)	3445
amber (genshin impact), genshin impact	amber_(genshin_impact)	3444
peroro (blue archive), blue archive	peroro_(blue_archive)	3425
eishin flash (umamusume), umamusume	eishin_flash_(umamusume)	3416
kamado nezuko, kimetsu no yaiba	kamado_nezuko	3413
agnes digital (umamusume), umamusume	agnes_digital_(umamusume)	3403
princess daisy, mario (series)	princess_daisy	3382
shigure ui (vtuber), indie virtual youtuber	shigure_ui_(vtuber)	3382
saki (blue archive), blue archive	saki_(blue_archive)	3381
twin turbo (umamusume), umamusume	twin_turbo_(umamusume)	3379
hanako (swimsuit) (blue archive), blue archive	hanako_(swimsuit)_(blue_archive)	3373
kanna kamui, kobayashi-san chi no maidragon	kanna_kamui	3370
illustrious (azur lane), azur lane	illustrious_(azur_lane)	3361
ninomae ina'nis (1st costume), hololive	ninomae_ina'nis_(1st_costume)	3351
asakura toru, idolmaster	asakura_toru	3342
yoisaki kanade, project sekai	yoisaki_kanade	3339
jungle pocket (umamusume), umamusume	jungle_pocket_(umamusume)	3336
sirius symboli (umamusume), umamusume	sirius_symboli_(umamusume)	3313
super creek (umamusume), umamusume	super_creek_(umamusume)	3311
kirima syaro, gochuumon wa usagi desu ka?	kirima_syaro	3308
black swan (honkai: star rail), honkai: star rail	black_swan_(honkai:_star_rail)	3302
shun (blue archive), blue archive	shun_(blue_archive)	3300
watson amelia (1st costume), hololive	watson_amelia_(1st_costume)	3291
matsuura kanan, love live!	matsuura_kanan	3287
takane lui, hololive	takane_lui	3273
nanashi mumei (1st costume), hololive	nanashi_mumei_(1st_costume)	3264
jeanne d'arc (ruler) (fate), fate (series)	jeanne_d'arc_(ruler)_(fate)	3241
qiqi (genshin impact), genshin impact	qiqi_(genshin_impact)	3229
higashiyama kobeni, chainsaw man	higashiyama_kobeni	3227
takeba yukari, persona	takeba_yukari	3225
wa2000 (girls' frontline), girls' frontline	wa2000_(girls'_frontline)	3208
air groove (umamusume), umamusume	air_groove_(umamusume)	3195
kiyohime (fate), fate (series)	kiyohime_(fate)	3195
mori calliope (1st costume), hololive	mori_calliope_(1st_costume)	3173
haruka (blue archive), blue archive	haruka_(blue_archive)	3170
inugami korone (1st costume), hololive	inugami_korone_(1st_costume)	3136
hilda valentine goneril, fire emblem	hilda_valentine_goneril	3121
tsumiki mikan, danganronpa (series)	tsumiki_mikan	3110
nekomata okayu (1st costume), hololive	nekomata_okayu_(1st_costume)	3098
shihouin yoruichi, bleach	shihouin_yoruichi	3097
kurosawa dia, love live!	kurosawa_dia	3084
hoshino (swimsuit) (blue archive), blue archive	hoshino_(swimsuit)_(blue_archive)	3081
lyn (fire emblem), fire emblem	lyn_(fire_emblem)	3076
mankanshoku mako, kill la kill	mankanshoku_mako	3066
mitaka asa, chainsaw man	mitaka_asa	3054
raphtalia, tate no yuusha no nariagari	raphtalia	3054
tomoe gozen (fate), fate/grand order	tomoe_gozen_(fate)	3042
meisho doto (umamusume), umamusume	meisho_doto_(umamusume)	3030
mash kyrielight (dangerous beast), fate/grand order	mash_kyrielight_(dangerous_beast)	3026
specter (arknights), arknights	specter_(arknights)	3023
camilla (fire emblem), fire emblem	camilla_(fire_emblem)	3022
himari (blue archive), blue archive	himari_(blue_archive)	3022
shiomi kotone, persona	shiomi_kotone	3021
hanekawa tsubasa, monogatari (series)	hanekawa_tsubasa	3019
izumi sagiri, eromanga sensei	izumi_sagiri	3014
grass wonder (umamusume), umamusume	grass_wonder_(umamusume)	3011
monokuma, danganronpa (series)	monokuma	3005
rapi (nikke), goddess of victory: nikke	rapi_(nikke)	3003
sakamata chloe (1st costume), hololive	sakamata_chloe_(1st_costume)	3002
kujikawa rise, persona	kujikawa_rise	2993
android 18, dragon ball	android_18	2987
laffey (azur lane), azur lane	laffey_(azur_lane)	2979
ame-chan (needy girl overdose), needy girl overdose	ame-chan_(needy_girl_overdose)	2968
mr. c.b. (umamusume), umamusume	mr._c.b._(umamusume)	2967
orfevre (umamusume), umamusume	orfevre_(umamusume)	2963
ootori emu, project sekai	ootori_emu	2955
eris greyrat, mushoku tensei	eris_greyrat	2937
katsushika hokusai (fate), fate/grand order	katsushika_hokusai_(fate)	2933
haro, gundam	haro	2932
shiina yuika, nijisanji	shiina_yuika	2922
dodoco (genshin impact), genshin impact	dodoco_(genshin_impact)	2919
kanroji mitsuri, kimetsu no yaiba	kanroji_mitsuri	2917
chitanda eru, hyouka	chitanda_eru	2915
yuffie kisaragi, final fantasy	yuffie_kisaragi	2913
nakayama festa (umamusume), umamusume	nakayama_festa_(umamusume)	2905
akai haato, hololive	akai_haato	2900
kurosawa ruby, love live!	kurosawa_ruby	2891
haruna (blue archive), blue archive	haruna_(blue_archive)	2885
barghest (fate), fate (series)	barghest_(fate)	2882
kousaka kirino, ore no imouto ga konna ni kawaii wake ga nai	kousaka_kirino	2878
saten ruiko, toaru majutsu no index	saten_ruiko	2878
tippy (gochiusa), gochuumon wa usagi desu ka?	tippy_(gochiusa)	2873
kaga (azur lane), azur lane	kaga_(azur_lane)	2867
skadi the corrupting heart (arknights), arknights	skadi_the_corrupting_heart_(arknights)	2859
clorinde (genshin impact), genshin impact	clorinde_(genshin_impact)	2857
ump9 (girls' frontline), girls' frontline	ump9_(girls'_frontline)	2857
shinjou akane, gridman universe	shinjou_akane	2856
kunikida hanamaru, love live!	kunikida_hanamaru	2848
accelerator (toaru majutsu no index), toaru majutsu no index	accelerator_(toaru_majutsu_no_index)	2846
lysithea von ordelia, fire emblem	lysithea_von_ordelia	2844
sessyoin kiara, fate (series)	sessyoin_kiara	2839
makinami mari illustrious, neon genesis evangelion	makinami_mari_illustrious	2836
hoshimachi suisei (1st costume), hololive	hoshimachi_suisei_(1st_costume)	2831
enterprise (azur lane), azur lane	enterprise_(azur_lane)	2825
narita brian (umamusume), umamusume	narita_brian_(umamusume)	2825
jeanne d'arc alter (swimsuit berserker) (fate), fate/grand order	jeanne_d'arc_alter_(swimsuit_berserker)_(fate)	2824
himemori luna, hololive	himemori_luna	2806
fukumaru koito, idolmaster	fukumaru_koito	2804
hachimiya meguru, idolmaster	hachimiya_meguru	2804
natori sana, sana channel	natori_sana	2802
sakura futaba, persona	sakura_futaba	2800
tamamo cat (fate), fate/grand order	tamamo_cat_(fate)	2797
mari (track) (blue archive), blue archive	mari_(track)_(blue_archive)	2789
takao (azur lane), azur lane	takao_(azur_lane)	2784
yuzuki choco, hololive	yuzuki_choco	2778
navia (genshin impact), genshin impact	navia_(genshin_impact)	2769
roxy migurdia, mushoku tensei	roxy_migurdia	2768
nero claudius (fate/extra), fate (series)	nero_claudius_(fate/extra)	2765
yae sakura, honkai (series)	yae_sakura	2751
daitaku helios (umamusume), umamusume	daitaku_helios_(umamusume)	2744
fou (fate), fate/grand order	fou_(fate)	2738
ryougi shiki, fate/grand order	ryougi_shiki	2735
akane (blue archive), blue archive	akane_(blue_archive)	2733
theresa apocalypse, honkai (series)	theresa_apocalypse	2731
oumae kumiko, hibike! euphonium	oumae_kumiko	2697
ningguang (genshin impact), genshin impact	ningguang_(genshin_impact)	2691
perlica (arknights), arknights	perlica_(arknights)	2685
ak-12 (girls' frontline), girls' frontline	ak-12_(girls'_frontline)	2673
amagi yukiko, persona	amagi_yukiko	2670
palutena, kid icarus	palutena	2669
akagi (azur lane), azur lane	akagi_(azur_lane)	2657
higuchi kaede, nijisanji	higuchi_kaede	2657
ruan mei (honkai: star rail), honkai: star rail	ruan_mei_(honkai:_star_rail)	2639
narita taishin (umamusume), umamusume	narita_taishin_(umamusume)	2637
goldenglow (arknights), arknights	goldenglow_(arknights)	2635
la+ darknesss (1st costume), hololive	la+_darknesss_(1st_costume)	2621
nakano itsuki, go-toubun no hanayome	nakano_itsuki	2613
sussurro (arknights), arknights	sussurro_(arknights)	2610
ohara mari, love live!	ohara_mari	2609
asui tsuyu, boku no hero academia	asui_tsuyu	2605
koyanskaya (fate), fate/grand order	koyanskaya_(fate)	2605
leonardo da vinci (fate), fate/grand order	leonardo_da_vinci_(fate)	2603
atsuko (blue archive), blue archive	atsuko_(blue_archive)	2602
outis (project moon), limbus company	outis_(project_moon)	2601
mejiro ardan (umamusume), umamusume	mejiro_ardan_(umamusume)	2599
hoshikawa sara, nijisanji	hoshikawa_sara	2596
junketsu, kill la kill	junketsu	2595
springfield (girls' frontline), girls' frontline	springfield_(girls'_frontline)	2589
ibaraki douji (fate), fate/grand order	ibaraki_douji_(fate)	2585
irene (arknights), arknights	irene_(arknights)	2580
shinomiya kaguya, kaguya-sama wa kokurasetai ~tensai-tachi no renai zunousen~	shinomiya_kaguya	2580
kugisaki nobara, jujutsu kaisen	kugisaki_nobara	2570
yoshimi (blue archive), blue archive	yoshimi_(blue_archive)	2570
slime (genshin impact), genshin impact	slime_(genshin_impact)	2564
tokisaki kurumi, date a live	tokisaki_kurumi	2561
rebecca (cyberpunk), cyberpunk (series)	rebecca_(cyberpunk)	2555
pochita (chainsaw man), chainsaw man	pochita_(chainsaw_man)	2553
meltryllis (swimsuit lancer) (fate), fate/grand order	meltryllis_(swimsuit_lancer)_(fate)	2547
shibuya kanon, love live!	shibuya_kanon	2540
elira pendora, nijisanji	elira_pendora	2535
hikawa sayo, bang dream!	hikawa_sayo	2518
rodion (project moon), limbus company	rodion_(project_moon)	2518
air shakur (umamusume), umamusume	air_shakur_(umamusume)	2514
anastasia (fate), fate/grand order	anastasia_(fate)	2514
nakasu kasumi, love live!	nakasu_kasumi	2514
matikanefukukitaru (umamusume), umamusume	matikanefukukitaru_(umamusume)	2510
emma verde, love live!	emma_verde	2502
tsunade (naruto), naruto (series)	tsunade_(naruto)	2494
bulma, dragon ball	bulma	2490
lynette (genshin impact), genshin impact	lynette_(genshin_impact)	2487
yu mei-ren (fate), fate/grand order	yu_mei-ren_(fate)	2485
komi shouko, komi-san wa komyushou desu	komi_shouko	2482
yaoyorozu momo, boku no hero academia	yaoyorozu_momo	2480
eimi (blue archive), blue archive	eimi_(blue_archive)	2470
moogle, final fantasy	moogle	2461
shima rin, yurucamp	shima_rin	2457
satsuki (blue archive), blue archive	satsuki_(blue_archive)	2452
tokino sora, hololive	tokino_sora	2451
hina (swimsuit) (blue archive), blue archive	hina_(swimsuit)_(blue_archive)	2449
lisa (genshin impact), genshin impact	lisa_(genshin_impact)	2448
ushiwakamaru (fate), fate/grand order	ushiwakamaru_(fate)	2443
oyama mihari, onii-chan wa oshimai!	oyama_mihari	2437
shun (small) (blue archive), blue archive	shun_(small)_(blue_archive)	2437
squirtle, pokemon	squirtle	2436
takanashi rikka, chuunibyou demo koi ga shitai!	takanashi_rikka	2435
fubuki (one-punch man), one-punch man	fubuki_(one-punch_man)	2434
st. louis (azur lane), azur lane	st._louis_(azur_lane)	2433
kirijou mitsuru, persona	kirijou_mitsuru	2427
terra branford, final fantasy	terra_branford	2426
kureiji ollie, hololive	kureiji_ollie	2425
osaki amana, idolmaster	osaki_amana	2417
neptune (neptunia), neptune (series)	neptune_(neptunia)	2413
kujou sara, genshin impact	kujou_sara	2412
kusanagi nene, project sekai	kusanagi_nene	2399
jigglypuff, pokemon	jigglypuff	2396
sinon, sword art online	sinon	2392
yanfei (genshin impact), genshin impact	yanfei_(genshin_impact)	2387
himmel (sousou no frieren), sousou no frieren	himmel_(sousou_no_frieren)	2384
saria (arknights), arknights	saria_(arknights)	2384
mysterious heroine xx (fate), fate/grand order	mysterious_heroine_xx_(fate)	2377
an-94 (girls' frontline), girls' frontline	an-94_(girls'_frontline)	2371
katsuragi ace (umamusume), umamusume	katsuragi_ace_(umamusume)	2371
narita top road (umamusume), umamusume	narita_top_road_(umamusume)	2368
hozuki momiji, onii-chan wa oshimai!	hozuki_momiji	2365
smart falcon (umamusume), umamusume	smart_falcon_(umamusume)	2361
houshou marine (summer), hololive	houshou_marine_(summer)	2356
serizawa asahi, idolmaster	serizawa_asahi	2355
chiyoda momo, machikado mazoku	chiyoda_momo	2353
tedeza rize, gochuumon wa usagi desu ka?	tedeza_rize	2352
yamato (one piece), one piece	yamato_(one_piece)	2352
ashido mina, boku no hero academia	ashido_mina	2349
takanashi kiara (1st costume), hololive	takanashi_kiara_(1st_costume)	2347
tiki (fire emblem), fire emblem	tiki_(fire_emblem)	2344
nakano ichika, go-toubun no hanayome	nakano_ichika	2340
ho'olheyak (arknights), arknights	ho'olheyak_(arknights)	2338
tsurugi (blue archive), blue archive	tsurugi_(blue_archive)	2338
hoshiguma (arknights), arknights	hoshiguma_(arknights)	2335
nero claudius (swimsuit caster) (fate), fate/grand order	nero_claudius_(swimsuit_caster)_(fate)	2333
fuji kiseki (umamusume), umamusume	fuji_kiseki_(umamusume)	2330
justice task force member (blue archive), blue archive	justice_task_force_member_(blue_archive)	2328
kuwayama chiyuki, idolmaster	kuwayama_chiyuki	2323
niijima makoto, persona	niijima_makoto	2314
tamamo no mae (swimsuit lancer) (fate), fate/grand order	tamamo_no_mae_(swimsuit_lancer)_(fate)	2308
himeko (honkai: star rail), honkai: star rail	himeko_(honkai:_star_rail)	2306
koyuki (blue archive), blue archive	koyuki_(blue_archive)	2306
miyashita ai, love live!	miyashita_ai	2305
shirase sakuya, idolmaster	shirase_sakuya	2298
eyjafjalla (arknights), arknights	eyjafjalla_(arknights)	2295
hibiki (cheer squad) (blue archive), blue archive	hibiki_(cheer_squad)_(blue_archive)	2290
g11 (girls' frontline), girls' frontline	g11_(girls'_frontline)	2286
morino rinze, idolmaster	morino_rinze	2285
tohru (maidragon), kobayashi-san chi no maidragon	tohru_(maidragon)	2271
fujiwara chika, kaguya-sama wa kokurasetai ~tensai-tachi no renai zunousen~	fujiwara_chika	2265
ujimatsu chiya, gochuumon wa usagi desu ka?	ujimatsu_chiya	2261
mon3tr (arknights), arknights	mon3tr_(arknights)	2260
niko (blue archive), blue archive	niko_(blue_archive)	2258
yukihana lamy (1st costume), hololive	yukihana_lamy_(1st_costume)	2258
hassan of serenity (fate), fate (series)	hassan_of_serenity_(fate)	2248
artoria pendragon (lancer alter) (fate), fate/grand order	artoria_pendragon_(lancer_alter)_(fate)	2242
adventurer (ff11), final fantasy	adventurer_(ff11)	2240
mifune shioriko, love live!	mifune_shioriko	2239
moona hoshinova, hololive	moona_hoshinova	2228
minato aqua (1st costume), hololive	minato_aqua_(1st_costume)	2222
marie antoinette (fate), fate/grand order	marie_antoinette_(fate)	2220
marianne von edmund, fire emblem	marianne_von_edmund	2219
asaka karin, love live!	asaka_karin	2213
airi (blue archive), blue archive	airi_(blue_archive)	2209
fine motion (umamusume), umamusume	fine_motion_(umamusume)	2209
irisviel von einzbern, fate (series)	irisviel_von_einzbern	2209
hakos baelz (1st costume), hololive	hakos_baelz_(1st_costume)	2204
javelin (azur lane), azur lane	javelin_(azur_lane)	2203
boa hancock, one piece	boa_hancock	2198
kousaka tamaki, to heart (series)	kousaka_tamaki	2195
sonoda chiyoko, idolmaster	sonoda_chiyoko	2193
mejiro dober (umamusume), umamusume	mejiro_dober_(umamusume)	2184
miyako (swimsuit) (blue archive), blue archive	miyako_(swimsuit)_(blue_archive)	2183
shinano (azur lane), azur lane	shinano_(azur_lane)	2182
rosmontis (arknights), arknights	rosmontis_(arknights)	2178
biwa hayahide (umamusume), umamusume	biwa_hayahide_(umamusume)	2177
kirigaya suguha, sword art online	kirigaya_suguha	2174
noelle (genshin impact), genshin impact	noelle_(genshin_impact)	2173
tokoyami towa (1st costume), hololive	tokoyami_towa_(1st_costume)	2172
prisma illya, fate (series)	prisma_illya	2165
komiya kaho, idolmaster	komiya_kaho	2162
konoe kanata, love live!	konoe_kanata	2159
baobhan sith (first ascension) (fate), fate/grand order	baobhan_sith_(first_ascension)_(fate)	2155
lucy (cyberpunk), cyberpunk (series)	lucy_(cyberpunk)	2155
rita rossweisse, honkai (series)	rita_rossweisse	2155
beidou (genshin impact), genshin impact	beidou_(genshin_impact)	2153
ling (arknights), arknights	ling_(arknights)	2140
maomao (kusuriya no hitorigoto), kusuriya no hitorigoto	maomao_(kusuriya_no_hitorigoto)	2139
matsumoto rangiku, bleach	matsumoto_rangiku	2137
shishiro botan (1st costume), hololive	shishiro_botan_(1st_costume)	2137
misaki (blue archive), blue archive	misaki_(blue_archive)	2133
muelsyse (arknights), arknights	muelsyse_(arknights)	2126
hakui koyori (1st costume), hololive	hakui_koyori_(1st_costume)	2125
virtuosa (arknights), arknights	virtuosa_(arknights)	2122
yukinoshita yukino, yahari ore no seishun lovecome wa machigatteiru.	yukinoshita_yukino	2117
katsuragi misato, neon genesis evangelion	katsuragi_misato	2113
selen tatsuki, nijisanji	selen_tatsuki	2112
maruzensky (umamusume), umamusume	maruzensky_(umamusume)	2102
saren (princess connect!), princess connect!	saren_(princess_connect!)	2101
m200 (girls' frontline), girls' frontline	m200_(girls'_frontline)	2094
himeno (chainsaw man), chainsaw man	himeno_(chainsaw_man)	2093
hishi miracle (umamusume), umamusume	hishi_miracle_(umamusume)	2090
fubuki (blue archive), blue archive	fubuki_(blue_archive)	2087
hikawa hina, bang dream!	hikawa_hina	2082
bibi (tokoyami towa), hololive	bibi_(tokoyami_towa)	2079
otonose kanade, hololive	otonose_kanade	2079
suzuhara lulu, nijisanji	suzuhara_lulu	2073
jakuzure nonon, kill la kill	jakuzure_nonon	2072
jeanne d'arc alter santa lily (fate), fate/grand order	jeanne_d'arc_alter_santa_lily_(fate)	2072
index (toaru majutsu no index), toaru majutsu no index	index_(toaru_majutsu_no_index)	2068
sakuragi mano, idolmaster	sakuragi_mano	2065
tokoyami towa (jirai kei), hololive	tokoyami_towa_(jirai_kei)	2059
hoshino ruby, oshi no ko	hoshino_ruby	2058
moe (blue archive), blue archive	moe_(blue_archive)	2052
olga marie animusphere, fate/grand order	olga_marie_animusphere	2049
neuro-sama, indie virtual youtuber	neuro-sama	2042
iruma miu, danganronpa (series)	iruma_miu	2037
topaz (honkai: star rail), honkai: star rail	topaz_(honkai:_star_rail)	2026
tsukioka kogane, idolmaster	tsukioka_kogane	2026
yamada anna, boku no kokoro no yabai yatsu	yamada_anna	2025
nero claudius (bride) (fate), fate (series)	nero_claudius_(bride)_(fate)	2023
aranara (genshin impact), genshin impact	aranara_(genshin_impact)	2021
tsubaki (blue archive), blue archive	tsubaki_(blue_archive)	2020
tharja (fire emblem), fire emblem	tharja_(fire_emblem)	2019
hilichurl (genshin impact), genshin impact	hilichurl_(genshin_impact)	2014
sakurako (blue archive), blue archive	sakurako_(blue_archive)	2005
kazama iroha (1st costume), hololive	kazama_iroha_(1st_costume)	1999
celestia ludenberg, danganronpa (series)	celestia_ludenberg	1997
tsukino mito (1st costume), nijisanji	tsukino_mito_(1st_costume)	1997
ayane (blue archive), blue archive	ayane_(blue_archive)	1996
z23 (azur lane), azur lane	z23_(azur_lane)	1996
jeanne d'arc alter (ver. shinjuku 1999) (fate), fate/grand order	jeanne_d'arc_alter_(ver._shinjuku_1999)_(fate)	1989
artoria pendragon (swimsuit ruler) (fate), fate (series)	artoria_pendragon_(swimsuit_ruler)_(fate)	1982
bloop (gawr gura), hololive	bloop_(gawr_gura)	1976
mysterious heroine x alter (fate), fate/grand order	mysterious_heroine_x_alter_(fate)	1965
koharu (swimsuit) (blue archive), blue archive	koharu_(swimsuit)_(blue_archive)	1962
slime (dragon quest), dragon quest	slime_(dragon_quest)	1962
android 21, dragon ball	android_21	1959
aston machan (umamusume), umamusume	aston_machan_(umamusume)	1959
honolulu (azur lane), azur lane	honolulu_(azur_lane)	1952
maki (blue archive), blue archive	maki_(blue_archive)	1951
tenochtitlan (fate), fate/grand order	tenochtitlan_(fate)	1951
monomi (danganronpa), danganronpa (series)	monomi_(danganronpa)	1950
mejiro palmer (umamusume), umamusume	mejiro_palmer_(umamusume)	1948
mioda ibuki, danganronpa (series)	mioda_ibuki	1941
last order (toaru majutsu no index), toaru majutsu no index	last_order_(toaru_majutsu_no_index)	1940
hokko tarumae (umamusume), umamusume	hokko_tarumae_(umamusume)	1937
hatoba tsugu, tsugu (vtuber)	hatoba_tsugu	1936
fukawa toko, danganronpa (series)	fukawa_toko	1935
sengoku nadeko, monogatari (series)	sengoku_nadeko	1935
shiraishi an, project sekai	shiraishi_an	1933
taiki shuttle (umamusume), umamusume	taiki_shuttle_(umamusume)	1926
hiyori (blue archive), blue archive	hiyori_(blue_archive)	1925
m4 sopmod ii (girls' frontline), girls' frontline	m4_sopmod_ii_(girls'_frontline)	1922
reed (arknights), arknights	reed_(arknights)	1920
aris (maid) (blue archive), blue archive	aris_(maid)_(blue_archive)	1913
m4a1 (girls' frontline), girls' frontline	m4a1_(girls'_frontline)	1913
blue poison (arknights), arknights	blue_poison_(arknights)	1910
le malin (azur lane), azur lane	le_malin_(azur_lane)	1910
neru (bunny) (blue archive), blue archive	neru_(bunny)_(blue_archive)	1910
pavolia reine, hololive	pavolia_reine	1910
theresa (arknights), arknights	theresa_(arknights)	1910
nonomi (swimsuit) (blue archive), blue archive	nonomi_(swimsuit)_(blue_archive)	1908
sakura miko (1st costume), hololive	sakura_miko_(1st_costume)	1904
sweep tosho (umamusume), umamusume	sweep_tosho_(umamusume)	1898
yumeno himiko, danganronpa (series)	yumeno_himiko	1898
azusawa kohane, project sekai	azusawa_kohane	1897
ichikawa hinana, idolmaster	ichikawa_hinana	1896
la pluma (arknights), arknights	la_pluma_(arknights)	1894
m16a1 (girls' frontline), girls' frontline	m16a1_(girls'_frontline)	1893
osaki tenka, idolmaster	osaki_tenka	1890
tsukumo sana, hololive	tsukumo_sana	1887
ange katrina (1st costume), nijisanji	ange_katrina_(1st_costume)	1886
mobius (honkai impact), honkai (series)	mobius_(honkai_impact)	1881
maizono sayaka, danganronpa (series)	maizono_sayaka	1874
dehya (genshin impact), genshin impact	dehya_(genshin_impact)	1873
mordred (fate/apocrypha), fate (series)	mordred_(fate/apocrypha)	1873
bb (fate/extra), fate (series)	bb_(fate/extra)	1872
todoroki hajime, hololive	todoroki_hajime	1871
bayonetta, bayonetta (series)	bayonetta	1869
baltimore (azur lane), azur lane	baltimore_(azur_lane)	1867
chi-chi (dragon ball), dragon ball	chi-chi_(dragon_ball)	1866
sylphiette (mushoku tensei), mushoku tensei	sylphiette_(mushoku_tensei)	1865
martha (fate), fate/grand order	martha_(fate)	1862
furen e lustario, nijisanji	furen_e_lustario	1860
kiryu coco (1st costume), hololive	kiryu_coco_(1st_costume)	1850
medea (fate), fate (series)	medea_(fate)	1846
kousaka reina, hibike! euphonium	kousaka_reina	1845
sakura bakushin o (umamusume), umamusume	sakura_bakushin_o_(umamusume)	1843
miyamoto musashi (swimsuit berserker) (fate), fate/grand order	miyamoto_musashi_(swimsuit_berserker)_(fate)	1840
tanaka mamimi, idolmaster	tanaka_mamimi	1835
yuigahama yui, yahari ore no seishun lovecome wa machigatteiru.	yuigahama_yui	1830
hasumi (track) (blue archive), blue archive	hasumi_(track)_(blue_archive)	1825
heanna sumire, love live!	heanna_sumire	1825
purple heart (neptunia), neptune (series)	purple_heart_(neptunia)	1818
saber lily, fate (series)	saber_lily	1817
female sensei (blue archive), blue archive	female_sensei_(blue_archive)	1815
sukoya kana, nijisanji	sukoya_kana	1815
elaina (majo no tabitabi), majo no tabitabi	elaina_(majo_no_tabitabi)	1814
kazano hiori, idolmaster	kazano_hiori	1811
kasumi (blue archive), blue archive	kasumi_(blue_archive)	1809
siege (arknights), arknights	siege_(arknights)	1802
hachikuji mayoi, monogatari (series)	hachikuji_mayoi	1798
shigure (blue archive), blue archive	shigure_(blue_archive)	1795
hyakumantenbara salome, nijisanji	hyakumantenbara_salome	1793
tang keke, love live!	tang_keke	1789
sakura chiyono o (umamusume), umamusume	sakura_chiyono_o_(umamusume)	1787
caenis (fate), fate/grand order	caenis_(fate)	1786
bronya zaychik (silverwing: n-ex), honkai (series)	bronya_zaychik_(silverwing:_n-ex)	1773
kiritani haruka, project sekai	kiritani_haruka	1773
gold city (umamusume), umamusume	gold_city_(umamusume)	1772
rias gremory, high school dxd	rias_gremory	1771
red hood (nikke), goddess of victory: nikke	red_hood_(nikke)	1770
blaze (arknights), arknights	blaze_(arknights)	1767
kizuna ai, kizuna ai inc.	kizuna_ai	1767
yang guifei (fate), fate/grand order	yang_guifei_(fate)	1766
kishinami hakuno (female), fate/grand order	kishinami_hakuno_(female)	1765
passionlip (fate), fate (series)	passionlip_(fate)	1765
sasaki saku, nijisanji	sasaki_saku	1764
azura (fire emblem), fire emblem	azura_(fire_emblem)	1762
uiharu kazari, toaru majutsu no index	uiharu_kazari	1762
kaf (kamitsubaki studio), kamitsubaki studio	kaf_(kamitsubaki_studio)	1758
noire (neptunia), neptune (series)	noire_(neptunia)	1758
utage (arknights), arknights	utage_(arknights)	1757
pod (nier:automata), nier:automata	pod_(nier:automata)	1756
pramanix (arknights), arknights	pramanix_(arknights)	1749
yunyun (konosuba), kono subarashii sekai ni shukufuku wo!	yunyun_(konosuba)	1748
uruha rushia (1st costume), hololive	uruha_rushia_(1st_costume)	1747
mio (xenoblade), xenoblade chronicles (series)	mio_(xenoblade)	1744
schwarz (arknights), arknights	schwarz_(arknights)	1744
lemuen (arknights), arknights	lemuen_(arknights)	1742
ichijou ririka, hololive	ichijou_ririka	1741
texas the omertosa (arknights), arknights	texas_the_omertosa_(arknights)	1741
ironmouse, vshojo	ironmouse	1739
oshino ougi, monogatari (series)	oshino_ougi	1738
st ar-15 (girls' frontline), girls' frontline	st_ar-15_(girls'_frontline)	1735
serina (blue archive), blue archive	serina_(blue_archive)	1733
bremerton (scorching-hot training) (azur lane), azur lane	bremerton_(scorching-hot_training)_(azur_lane)	1732
kiss-shot acerola-orion heart-under-blade, monogatari (series)	kiss-shot_acerola-orion_heart-under-blade	1732
tenma saki, project sekai	tenma_saki	1732
kirara (blue archive), blue archive	kirara_(blue_archive)	1731
chocobo, final fantasy	chocobo	1726
lucoa (maidragon), kobayashi-san chi no maidragon	lucoa_(maidragon)	1723
fuuka (blue archive), blue archive	fuuka_(blue_archive)	1721
jumpy dumpty, genshin impact	jumpy_dumpty	1719
winning ticket (umamusume), umamusume	winning_ticket_(umamusume)	1719
anila (granblue fantasy), granblue fantasy	anila_(granblue_fantasy)	1703
osakabehime (fate), fate/grand order	osakabehime_(fate)	1700
my melody, sanrio	my_melody	1697
kiana kaslana (herrscher of finality), honkai (series)	kiana_kaslana_(herrscher_of_finality)	1696
a2 (nier:automata), nier (series)	a2_(nier:automata)	1695
el condor pasa (umamusume), umamusume	el_condor_pasa_(umamusume)	1695
kagamihara nadeshiko, yurucamp	kagamihara_nadeshiko	1691
amane kanata (1st costume), hololive	amane_kanata_(1st_costume)	1685
hoshino ichika (project sekai), project sekai	hoshino_ichika_(project_sekai)	1684
collei (genshin impact), genshin impact	collei_(genshin_impact)	1682
new jersey (azur lane), azur lane	new_jersey_(azur_lane)	1680
daring tact (umamusume), umamusume	daring_tact_(umamusume)	1678
hinata (blue archive), blue archive	hinata_(blue_archive)	1678
kashino (azur lane), azur lane	kashino_(azur_lane)	1678
murasaki shion (1st costume), hololive	murasaki_shion_(1st_costume)	1678
ilulu (maidragon), kobayashi-san chi no maidragon	ilulu_(maidragon)	1671
oda nobunaga (koha-ace), fate (series)	oda_nobunaga_(koha-ace)	1671
luma (mario), mario (series)	luma_(mario)	1665
helena blavatsky (fate), fate/grand order	helena_blavatsky_(fate)	1664
ceres fauna (1st costume), hololive	ceres_fauna_(1st_costume)	1663
leonardo da vinci (rider) (fate), fate/grand order	leonardo_da_vinci_(rider)_(fate)	1660
raiden mei (herrscher of thunder), honkai (series)	raiden_mei_(herrscher_of_thunder)	1660
amamiya kokoro, nijisanji	amamiya_kokoro	1659
boudica (fate), fate/grand order	boudica_(fate)	1659
eunie (xenoblade), xenoblade chronicles (series)	eunie_(xenoblade)	1656
hanasato minori, project sekai	hanasato_minori	1652
female trainer (umamusume), umamusume	female_trainer_(umamusume)	1650
dido (azur lane), azur lane	dido_(azur_lane)	1648
kuromi, sanrio	kuromi	1648
otogi (blue archive), blue archive	otogi_(blue_archive)	1648
juufuutei raden, hololive	juufuutei_raden	1643
kirara (genshin impact), genshin impact	kirara_(genshin_impact)	1634
aki rosenthal, hololive	aki_rosenthal	1627
isabelle (animal crossing), animal crossing	isabelle_(animal_crossing)	1627
xiangling (genshin impact), genshin impact	xiangling_(genshin_impact)	1627
garnet til alexandros xvii, final fantasy	garnet_til_alexandros_xvii	1626
mitake ran, bang dream!	mitake_ran	1619
ymir (shingeki no kyojin), shingeki no kyojin	ymir_(shingeki_no_kyojin)	1618
bernadetta von varley, fire emblem	bernadetta_von_varley	1613
merlin (fate/prototype), fate/grand order	merlin_(fate/prototype)	1613
zentreya, vshojo	zentreya	1610
ceobe (arknights), arknights	ceobe_(arknights)	1608
copano rickey (umamusume), umamusume	copano_rickey_(umamusume)	1608
arisugawa natsuha, idolmaster	arisugawa_natsuha	1604
izuna (swimsuit) (blue archive), blue archive	izuna_(swimsuit)_(blue_archive)	1604
enna alouette, nijisanji	enna_alouette	1603
luo xiaohei, luo xiaohei zhanji	luo_xiaohei	1602
perona, one piece	perona	1601
yoshizawa kasumi, persona	yoshizawa_kasumi	1601
hirasawa ui, k-on!	hirasawa_ui	1599
beatrice (re:zero), re:zero kara hajimeru isekai seikatsu	beatrice_(re:zero)	1593
caren hortensia, fate (series)	caren_hortensia	1586
dorothea arnault, fire emblem	dorothea_arnault	1586
mejiro ramonu (umamusume), umamusume	mejiro_ramonu_(umamusume)	1586
okumura haru, persona	okumura_haru	1583
albedo (overlord), overlord (maruyama)	albedo_(overlord)	1582
izumi mei, idolmaster	izumi_mei	1582
murasaki shikibu (fate), fate/grand order	murasaki_shikibu_(fate)	1582
zeta (granblue fantasy), granblue fantasy	zeta_(granblue_fantasy)	1579
jingliu (honkai: star rail), honkai: star rail	jingliu_(honkai:_star_rail)	1573
sigewinne (genshin impact), genshin impact	sigewinne_(genshin_impact)	1571
murata himeko, honkai (series)	murata_himeko	1569
pomu rainpuff, nijisanji	pomu_rainpuff	1565
kiran (fire emblem), fire emblem	kiran_(fire_emblem)	1559
miyu (swimsuit) (blue archive), blue archive	miyu_(swimsuit)_(blue_archive)	1556
nia (blade) (xenoblade), xenoblade chronicles (series)	nia_(blade)_(xenoblade)	1553
silence (arknights), arknights	silence_(arknights)	1553
kaela kovalskia, hololive	kaela_kovalskia	1552
micaiah (fire emblem), fire emblem	micaiah_(fire_emblem)	1546
kenmochi touya, nijisanji	kenmochi_touya	1545
nishino flower (umamusume), umamusume	nishino_flower_(umamusume)	1544
y'shtola rhul, final fantasy	y'shtola_rhul	1544
nagato (azur lane), azur lane	nagato_(azur_lane)	1543
hishi amazon (umamusume), umamusume	hishi_amazon_(umamusume)	1542
cagliostro (granblue fantasy), granblue fantasy	cagliostro_(granblue_fantasy)	1541
crewmate (among us), among us	crewmate_(among_us)	1538
kuki shinobu, genshin impact	kuki_shinobu	1534
faruzan (genshin impact), genshin impact	faruzan_(genshin_impact)	1532
ookami mio (1st costume), hololive	ookami_mio_(1st_costume)	1530
hare (blue archive), blue archive	hare_(blue_archive)	1528
ro635 (girls' frontline), girls' frontline	ro635_(girls'_frontline)	1528
yoroizuka mizore, hibike! euphonium	yoroizuka_mizore	1527
fiammetta (arknights), arknights	fiammetta_(arknights)	1526
atalanta (fate), fate (series)	atalanta_(fate)	1524
vikala (granblue fantasy), granblue fantasy	vikala_(granblue_fantasy)	1521
skirk (genshin impact), genshin impact	skirk_(genshin_impact)	1519
artoria caster (second ascension) (fate), fate/grand order	artoria_caster_(second_ascension)_(fate)	1517
ichinose uruha, vspo!	ichinose_uruha	1512
homu (honkai impact), honkai (series)	homu_(honkai_impact)	1508
akira (blue archive), blue archive	akira_(blue_archive)	1506
iori (swimsuit) (blue archive), blue archive	iori_(swimsuit)_(blue_archive)	1502
aizawa ema, vspo!	aizawa_ema	1493
rpk-16 (girls' frontline), girls' frontline	rpk-16_(girls'_frontline)	1491
uzaki hana, uzaki-chan wa asobitai!	uzaki_hana	1491
crystalfly (genshin impact), genshin impact	crystalfly_(genshin_impact)	1488
yukoku kiriko, idolmaster	yukoku_kiriko	1488
nepgear, neptune (series)	nepgear	1483
roboco-san, hololive	roboco-san	1482
sakurajima mai, seishun buta yarou	sakurajima_mai	1477
zara (azur lane), azur lane	zara_(azur_lane)	1475
ingrid brandl galatea, fire emblem	ingrid_brandl_galatea	1471
pekomon (usada pekora), hololive	pekomon_(usada_pekora)	1471
yuuki (sao), sword art online	yuuki_(sao)	1468
kaine (nier), nier (series)	kaine_(nier)	1466
minamoto no raikou (swimsuit lancer) (fate), fate/grand order	minamoto_no_raikou_(swimsuit_lancer)_(fate)	1466
rosaria (genshin impact), genshin impact	rosaria_(genshin_impact)	1465
okita souji alter (fate), fate/grand order	okita_souji_alter_(fate)	1462
tanino gimlet (umamusume), umamusume	tanino_gimlet_(umamusume)	1460
aegir (azur lane), azur lane	aegir_(azur_lane)	1458
blanc (neptunia), neptune (series)	blanc_(neptunia)	1457
inuyama aoi, yurucamp	inuyama_aoi	1456
eden (honkai impact), honkai (series)	eden_(honkai_impact)	1454
tosen jordan (umamusume), umamusume	tosen_jordan_(umamusume)	1450
swire (arknights), arknights	swire_(arknights)	1448
yorumi rena, nijisanji	yorumi_rena	1446
altera (fate), fate/grand order	altera_(fate)	1445
momoi airi, project sekai	momoi_airi	1443
rydia (ff4), final fantasy	rydia_(ff4)	1443
aura (sousou no frieren), sousou no frieren	aura_(sousou_no_frieren)	1442
platinum (arknights), arknights	platinum_(arknights)	1442
suomi (girls' frontline), girls' frontline	suomi_(girls'_frontline)	1436
arashi chisato, love live!	arashi_chisato	1435
seele (alter ego), honkai (series)	seele_(alter_ego)	1435
symboli kris s (umamusume), umamusume	symboli_kris_s_(umamusume)	1433
diona (genshin impact), genshin impact	diona_(genshin_impact)	1432
medb (fate), fate/grand order	medb_(fate)	1430
nakiri ayame (1st costume), hololive	nakiri_ayame_(1st_costume)	1424
reines el-melloi archisorte, fate/grand order	reines_el-melloi_archisorte	1424
magical ruby, fate (series)	magical_ruby	1423
nearl (arknights), arknights	nearl_(arknights)	1418
sucrose (genshin impact), genshin impact	sucrose_(genshin_impact)	1418
zen'in maki, jujutsu kaisen	zen'in_maki	1415
ikuno dictus (umamusume), umamusume	ikuno_dictus_(umamusume)	1413
chihiro (blue archive), blue archive	chihiro_(blue_archive)	1412
cheshire (azur lane), azur lane	cheshire_(azur_lane)	1411
shuro (blue archive), blue archive	shuro_(blue_archive)	1411
hayasaka ai, kaguya-sama wa kokurasetai ~tensai-tachi no renai zunousen~	hayasaka_ai	1410
hoshino fumina, gundam	hoshino_fumina	1409
imai lisa, bang dream!	imai_lisa	1407
takane lui (1st costume), hololive	takane_lui_(1st_costume)	1407
cagalli yula athha, gundam	cagalli_yula_athha	1405
elise (fire emblem), fire emblem	elise_(fire_emblem)	1405
sebastian piyodore, nijisanji	sebastian_piyodore	1405
mordred (memories at trifas) (fate), fate (series)	mordred_(memories_at_trifas)_(fate)	1404
eirika (fire emblem), fire emblem	eirika_(fire_emblem)	1400
finana ryugu, nijisanji	finana_ryugu	1399
hinomori shizuku, project sekai	hinomori_shizuku	1398
ifrit (arknights), arknights	ifrit_(arknights)	1396
amagi (azur lane), azur lane	amagi_(azur_lane)	1394
fu xuan (honkai: star rail), honkai (series)	fu_xuan_(honkai:_star_rail)	1394
gekota, toaru majutsu no index	gekota	1394
kurumi (blue archive), blue archive	kurumi_(blue_archive)	1391
mori calliope (streetwear), hololive	mori_calliope_(streetwear)	1389
yonaga angie, danganronpa (series)	yonaga_angie	1388
jill stingray, va-11 hall-a	jill_stingray	1385
minato yukina, bang dream!	minato_yukina	1380
tiki (adult) (fire emblem), fire emblem	tiki_(adult)_(fire_emblem)	1380
neo universe (umamusume), umamusume	neo_universe_(umamusume)	1379
suzuhara lulu (1st costume), nijisanji	suzuhara_lulu_(1st_costume)	1378
nursery rhyme (fate), fate/grand order	nursery_rhyme_(fate)	1377
fami (chainsaw man), chainsaw man	fami_(chainsaw_man)	1376
xianyun (genshin impact), genshin impact	xianyun_(genshin_impact)	1376
kirino (blue archive), blue archive	kirino_(blue_archive)	1373
oka asahi, onii-chan wa oshimai!	oka_asahi	1373
tingyun (honkai: star rail), honkai (series)	tingyun_(honkai:_star_rail)	1372
miyamoto musashi (swimsuit berserker) (second ascension) (fate), fate/grand order	miyamoto_musashi_(swimsuit_berserker)_(second_ascension)_(fate)	1371
gilles de rais (caster) (fate), fate/grand order	gilles_de_rais_(caster)_(fate)	1368
dorothy (nikke), goddess of victory: nikke	dorothy_(nikke)	1365
kaguya luna, the moon studio	kaguya_luna	1365
layla (genshin impact), genshin impact	layla_(genshin_impact)	1365
kobo kanaeru, hololive	kobo_kanaeru	1363
saki (swimsuit) (blue archive), blue archive	saki_(swimsuit)_(blue_archive)	1361
specter the unchained (arknights), arknights	specter_the_unchained_(arknights)	1360
yuna (ff10), final fantasy	yuna_(ff10)	1354
doujima nanako, persona	doujima_nanako	1350
jessica (arknights), arknights	jessica_(arknights)	1350
sakura (fire emblem), fire emblem	sakura_(fire_emblem)	1349
chabashira tenko, danganronpa (series)	chabashira_tenko	1346
himejima akeno, high school dxd	himejima_akeno	1339
medjed (fate), fate/grand order	medjed_(fate)	1337
kaede (blue archive), blue archive	kaede_(blue_archive)	1333
hozuki kaede, onii-chan wa oshimai!	hozuki_kaede	1328
shiina mayuri, steins;gate	shiina_mayuri	1319
serika (swimsuit) (blue archive), blue archive	serika_(swimsuit)_(blue_archive)	1318
yamanaka ino, naruto (series)	yamanaka_ino	1318
35p (sakura miko), hololive	35p_(sakura_miko)	1315
mia taylor, love live!	mia_taylor	1313
zhong lanzhu, love live!	zhong_lanzhu	1312
makoto (blue archive), blue archive	makoto_(blue_archive)	1311
yamagishi fuuka, persona	yamagishi_fuuka	1311
ayunda risu, hololive	ayunda_risu	1310
isshiki iroha, yahari ore no seishun lovecome wa machigatteiru.	isshiki_iroha	1309
frostnova (arknights), arknights	frostnova_(arknights)	1307
murosaki miyo, onii-chan wa oshimai!	murosaki_miyo	1307
florence nightingale (trick or treatment) (fate), fate/grand order	florence_nightingale_(trick_or_treatment)_(fate)	1306
larcei (fire emblem), fire emblem	larcei_(fire_emblem)	1304
sonia nevermind, danganronpa (series)	sonia_nevermind	1300
tsurumaki kokoro, bang dream!	tsurumaki_kokoro	1298
oozora subaru (1st costume), hololive	oozora_subaru_(1st_costume)	1297
frankenstein's monster (fate), fate/grand order	frankenstein's_monster_(fate)	1295
ui (swimsuit) (blue archive), blue archive	ui_(swimsuit)_(blue_archive)	1294
uchiha sarada, naruto (series)	uchiha_sarada	1289
saionji hiyoko, danganronpa (series)	saionji_hiyoko	1282
uta (one piece), one piece	uta_(one_piece)	1281
vestia zeta, hololive	vestia_zeta	1281
shirogane noel (1st costume), hololive	shirogane_noel_(1st_costume)	1276
aoba moca, bang dream!	aoba_moca	1274
rumi (blue archive), blue archive	rumi_(blue_archive)	1274
musashi (azur lane), azur lane	musashi_(azur_lane)	1273
shigure ui (1st costume) (vtuber), indie virtual youtuber	shigure_ui_(1st_costume)_(vtuber)	1272
suzuran (spring praise) (arknights), arknights	suzuran_(spring_praise)_(arknights)	1272
kasaki nozomi, hibike! euphonium	kasaki_nozomi	1271
yui (princess connect!), princess connect!	yui_(princess_connect!)	1270
meltryllis (swimsuit lancer) (first ascension) (fate), fate/grand order	meltryllis_(swimsuit_lancer)_(first_ascension)_(fate)	1269
penance (arknights), arknights	penance_(arknights)	1269
nui sociere, nijisanji	nui_sociere	1267
ononoki yotsugi, monogatari (series)	ononoki_yotsugi	1267
kos-mos, xenosaga	kos-mos	1265
island fox (kemono friends), kemono friends	island_fox_(kemono_friends)	1264
shylily, indie virtual youtuber	shylily	1263
pyra (pro swimmer) (xenoblade), xenoblade chronicles (series)	pyra_(pro_swimmer)_(xenoblade)	1259
g36 (girls' frontline), girls' frontline	g36_(girls'_frontline)	1255
petra gurin, nijisanji	petra_gurin	1255
koizumi mahiru, danganronpa (series)	koizumi_mahiru	1253
akane (bunny) (blue archive), blue archive	akane_(bunny)_(blue_archive)	1252
kanbaru suruga, monogatari (series)	kanbaru_suruga	1250
ots-14 (girls' frontline), girls' frontline	ots-14_(girls'_frontline)	1250
anya melfissa, hololive	anya_melfissa	1249
marie rose, dead or alive	marie_rose	1249
mudrock (elite ii) (arknights), arknights	mudrock_(elite_ii)_(arknights)	1246
winry rockbell, fullmetal alchemist	winry_rockbell	1246
xuangzang sanzang (fate), fate/grand order	xuangzang_sanzang_(fate)	1245
rhea (fire emblem), fire emblem	rhea_(fire_emblem)	1242
mine (blue archive), blue archive	mine_(blue_archive)	1240
mr. squeaks (hakos baelz), hololive	mr._squeaks_(hakos_baelz)	1240
junko (blue archive), blue archive	junko_(blue_archive)	1239
ivy (fire emblem), fire emblem	ivy_(fire_emblem)	1237
yamashiro (azur lane), azur lane	yamashiro_(azur_lane)	1237
zaku ii, gundam	zaku_ii	1232
ak-15 (girls' frontline), girls' frontline	ak-15_(girls'_frontline)	1231
mitsumine yuika, idolmaster	mitsumine_yuika	1231
alice zuberg, sword art online	alice_zuberg	1228
saijo juri, idolmaster	saijo_juri	1228
wu zetian (fate), fate/grand order	wu_zetian_(fate)	1228
wakamo (swimsuit) (blue archive), blue archive	wakamo_(swimsuit)_(blue_archive)	1220
maruyama aya, bang dream!	maruyama_aya	1219
nanakusa nichika, idolmaster	nanakusa_nichika	1217
violet evergarden, violet evergarden (series)	violet_evergarden	1217
silica, sword art online	silica	1213
myrtle (arknights), arknights	myrtle_(arknights)	1212
alice (nikke), goddess of victory: nikke	alice_(nikke)	1211
friend (nanashi mumei), hololive	friend_(nanashi_mumei)	1211
kurokawa akane, oshi no ko	kurokawa_akane	1211
scathach (swimsuit assassin) (fate), fate/grand order	scathach_(swimsuit_assassin)_(fate)	1210
signora (genshin impact), genshin impact	signora_(genshin_impact)	1210
agatsuma zenitsu, kimetsu no yaiba	agatsuma_zenitsu	1208
chise (blue archive), blue archive	chise_(blue_archive)	1206
fujimaru ritsuka (female) (polar chaldea uniform), fate/grand order	fujimaru_ritsuka_(female)_(polar_chaldea_uniform)	1206
lightning farron, final fantasy	lightning_farron	1206
okusawa misaki, bang dream!	okusawa_misaki	1206
euryale (fate), fate (series)	euryale_(fate)	1205
shizuka rin, nijisanji	shizuka_rin	1205
wiz (konosuba), kono subarashii sekai ni shukufuku wo!	wiz_(konosuba)	1203
bronya rand, honkai (series)	bronya_rand	1202
griseo, honkai (series)	griseo	1200
fujimaru ritsuka (female) (decisive battle chaldea uniform), fate/grand order	fujimaru_ritsuka_(female)_(decisive_battle_chaldea_uniform)	1199
pan (dragon ball), dragon ball	pan_(dragon_ball)	1198
tsunomaki watame (1st costume), hololive	tsunomaki_watame_(1st_costume)	1197
wakana shiki, love live!	wakana_shiki	1197
satono crown (umamusume), umamusume	satono_crown_(umamusume)	1196
yakumo beni, vspo!	yakumo_beni	1194
chinatsu (blue archive), blue archive	chinatsu_(blue_archive)	1193
yukari (blue archive), blue archive	yukari_(blue_archive)	1193
omaru polka (1st costume), hololive	omaru_polka_(1st_costume)	1190
prinz eugen (unfading smile) (azur lane), azur lane	prinz_eugen_(unfading_smile)_(azur_lane)	1186
araragi karen, monogatari (series)	araragi_karen	1185
misaka imouto, toaru majutsu no index	misaka_imouto	1185
nakiri erina, shokugeki no souma	nakiri_erina	1183
whislash (arknights), arknights	whislash_(arknights)	1183
tomimi (arknights), arknights	tomimi_(arknights)	1182
yozora mel, hololive	yozora_mel	1182
bb (swimsuit mooncancer) (second ascension) (fate), fate/grand order	bb_(swimsuit_mooncancer)_(second_ascension)_(fate)	1177
ikusaba mukuro, danganronpa (series)	ikusaba_mukuro	1177
lyria (granblue fantasy), granblue fantasy	lyria_(granblue_fantasy)	1177
ijichi seika, bocchi the rock!	ijichi_seika	1174
hazuki ren, love live!	hazuki_ren	1173
viper (nikke), goddess of victory: nikke	viper_(nikke)	1173
jean bart (azur lane), azur lane	jean_bart_(azur_lane)	1172
celica (fire emblem), fire emblem	celica_(fire_emblem)	1171
kiana kaslana (herrscher of flamescion), honkai (series)	kiana_kaslana_(herrscher_of_flamescion)	1170
shirogane tsumugi, danganronpa (series)	shirogane_tsumugi	1169
ikaruga luca, idolmaster	ikaruga_luca	1168
julia (fire emblem), fire emblem	julia_(fire_emblem)	1167
saga (arknights), arknights	saga_(arknights)	1167
pneuma (xenoblade), xenoblade chronicles (series)	pneuma_(xenoblade)	1166
talulah (arknights), arknights	talulah_(arknights)	1166
quanxi (chainsaw man), chainsaw man	quanxi_(chainsaw_man)	1165
natsuiro matsuri (1st costume), hololive	natsuiro_matsuri_(1st_costume)	1160
type 95 (girls' frontline), girls' frontline	type_95_(girls'_frontline)	1160
kurokami fubuki, hololive	kurokami_fubuki	1159
queen draco (fate), fate/grand order	queen_draco_(fate)	1156
celes chere, final fantasy	celes_chere	1154
brown long-eared bat (kemono friends), kemono friends	brown_long-eared_bat_(kemono_friends)	1152
seele (honkai: star rail), honkai (series)	seele_(honkai:_star_rail)	1152
sukonbu (shirakami fubuki), hololive	sukonbu_(shirakami_fubuki)	1152
midori (maid) (blue archive), blue archive	midori_(maid)_(blue_archive)	1151
eva 02, neon genesis evangelion	eva_02	1150
lenna charlotte tycoon, final fantasy	lenna_charlotte_tycoon	1149
nekota tsuna, vspo!	nekota_tsuna	1149
uzaki tsuki, uzaki-chan wa asobitai!	uzaki_tsuki	1149
jeanne d'arc alter (avenger) (third ascension) (fate), fate/grand order	jeanne_d'arc_alter_(avenger)_(third_ascension)_(fate)	1148
eunectes (arknights), arknights	eunectes_(arknights)	1147
kotori (blue archive), blue archive	kotori_(blue_archive)	1147
kurumi noah, vspo!	kurumi_noah	1147
nayuta (chainsaw man), chainsaw man	nayuta_(chainsaw_man)	1146
projekt red (arknights), arknights	projekt_red_(arknights)	1146
bismarck (azur lane), azur lane	bismarck_(azur_lane)	1144
rin (blue archive), blue archive	rin_(blue_archive)	1144
melia antiqua, xenoblade chronicles (series)	melia_antiqua	1143
humboldt penguin (kemono friends), kemono friends	humboldt_penguin_(kemono_friends)	1142
abigail williams (traveling outfit) (fate), fate/grand order	abigail_williams_(traveling_outfit)_(fate)	1137
doraemon (character), doraemon	doraemon_(character)	1136
suou patra, nanashi inc.	suou_patra	1136
reed the flame shadow (arknights), arknights	reed_the_flame_shadow_(arknights)	1135
ferry (granblue fantasy), granblue fantasy	ferry_(granblue_fantasy)	1134
archetype earth, fate/grand order	archetype_earth	1133
hiyajou maho, steins;gate	hiyajou_maho	1129
implacable (azur lane), azur lane	implacable_(azur_lane)	1127
nina (fire emblem), fire emblem	nina_(fire_emblem)	1127
mercedes von martritz, fire emblem	mercedes_von_martritz	1126
ssrb (shishiro botan), hololive	ssrb_(shishiro_botan)	1126
takamiya rion, nijisanji	takamiya_rion	1126
mejiro bright (umamusume), umamusume	mejiro_bright_(umamusume)	1125
st. louis (luxurious wheels) (azur lane), azur lane	st._louis_(luxurious_wheels)_(azur_lane)	1123
shiina yuika (1st costume), nijisanji	shiina_yuika_(1st_costume)	1122
eva 01, neon genesis evangelion	eva_01	1119
kobayashi (maidragon), kobayashi-san chi no maidragon	kobayashi_(maidragon)	1118
trish una, jojo no kimyou na bouken	trish_una	1118
bagpipe (arknights), arknights	bagpipe_(arknights)	1117
abigail williams (swimsuit foreigner) (third ascension) (fate), fate/grand order	abigail_williams_(swimsuit_foreigner)_(third_ascension)_(fate)	1116
suzukaze aoba, new game!	suzukaze_aoba	1114
tsuyuri kanao, kimetsu no yaiba	tsuyuri_kanao	1112
venat (ff14), final fantasy	venat_(ff14)	1112
blemishine (arknights), arknights	blemishine_(arknights)	1111
caracal (kemono friends), kemono friends	caracal_(kemono_friends)	1111
clarisse (granblue fantasy), granblue fantasy	clarisse_(granblue_fantasy)	1109
shirokane rinko, bang dream!	shirokane_rinko	1109
utsumi erice, fate/grand order	utsumi_erice	1109
keqing (opulent splendor) (genshin impact), genshin impact	keqing_(opulent_splendor)_(genshin_impact)	1107
roon (azur lane), azur lane	roon_(azur_lane)	1106
assassin (fate/zero), fate (series)	assassin_(fate/zero)	1105
hange zoe, shingeki no kyojin	hange_zoe	1105
hinomori shiho, project sekai	hinomori_shiho	1105
danua, granblue fantasy	danua	1102
ghislaine dedoldia, mushoku tensei	ghislaine_dedoldia	1102
ryugasaki rene, nanashi inc.	ryugasaki_rene	1101
abigail williams (third ascension) (fate), fate/grand order	abigail_williams_(third_ascension)_(fate)	1099
kawakami sadayo, persona	kawakami_sadayo	1097
momoi (maid) (blue archive), blue archive	momoi_(maid)_(blue_archive)	1097
helm (nikke), goddess of victory: nikke	helm_(nikke)	1096
mochizuki honami, project sekai	mochizuki_honami	1096
rinoa heartilly, final fantasy	rinoa_heartilly	1096
suzuka gozen (fate), fate (series)	suzuka_gozen_(fate)	1096
blanc (nikke), goddess of victory: nikke	blanc_(nikke)	1095
matsubara kanon, bang dream!	matsubara_kanon	1095
feater (arknights), arknights	feater_(arknights)	1093
gladiia (arknights), arknights	gladiia_(arknights)	1093
yorick (shiori novella), hololive	yorick_(shiori_novella)	1093
aurora (arknights), arknights	aurora_(arknights)	1092
araragi tsukihi, monogatari (series)	araragi_tsukihi	1091
van gogh (fate), fate/grand order	van_gogh_(fate)	1091
sakura laurel (umamusume), umamusume	sakura_laurel_(umamusume)	1090
chomusuke, kono subarashii sekai ni shukufuku wo!	chomusuke	1086
lacus clyne, gundam	lacus_clyne	1085
michiru (blue archive), blue archive	michiru_(blue_archive)	1082
shishio chris, nanashi inc.	shishio_chris	1080
jouga maya, gochuumon wa usagi desu ka?	jouga_maya	1077
komaki manaka, to heart (series)	komaki_manaka	1076
bradamante (fate), fate/grand order	bradamante_(fate)	1075
hifumi (swimsuit) (blue archive), blue archive	hifumi_(swimsuit)_(blue_archive)	1074
pa-san, bocchi the rock!	pa-san	1074
sei shounagon (fate), fate (series)	sei_shounagon_(fate)	1072
texas (willpower) (arknights), arknights	texas_(willpower)_(arknights)	1072
frostleaf (arknights), arknights	frostleaf_(arknights)	1071
sayu (genshin impact), genshin impact	sayu_(genshin_impact)	1071
hakase fuyuki, nijisanji	hakase_fuyuki	1069
ichigo (darling in the franxx), darling in the franxx	ichigo_(darling_in_the_franxx)	1068
lunamaria hawke, gundam	lunamaria_hawke	1068
tojo kirumi, danganronpa (series)	tojo_kirumi	1067
meltryllis (swimsuit lancer) (second ascension) (fate), fate/grand order	meltryllis_(swimsuit_lancer)_(second_ascension)_(fate)	1061
kirishima touka, tokyo ghoul	kirishima_touka	1060
aketa mikoto, idolmaster	aketa_mikoto	1059
videl, dragon ball	videl	1058
natsu megumi, gochuumon wa usagi desu ka?	natsu_megumi	1057
anis (sparkling summer) (nikke), goddess of victory: nikke	anis_(sparkling_summer)_(nikke)	1055
guoba (genshin impact), genshin impact	guoba_(genshin_impact)	1054
subaru duck, hololive	subaru_duck	1053
kaho (blue archive), blue archive	kaho_(blue_archive)	1050
shirayuki tomoe, nijisanji	shirayuki_tomoe	1049
scathach (piercing bunny) (fate), fate/grand order	scathach_(piercing_bunny)_(fate)	1048
sothis (fire emblem), fire emblem	sothis_(fire_emblem)	1048
focalors (genshin impact), genshin impact	focalors_(genshin_impact)	1046
kalina (girls' frontline), girls' frontline	kalina_(girls'_frontline)	1046
akashi (azur lane), azur lane	akashi_(azur_lane)	1045
majin android 21, dragon ball	majin_android_21	1044
inari one (umamusume), umamusume	inari_one_(umamusume)	1043
manabe nodoka, k-on!	manabe_nodoka	1043
vira (granblue fantasy), granblue fantasy	vira_(granblue_fantasy)	1043
tiki (young) (fire emblem), fire emblem	tiki_(young)_(fire_emblem)	1041
bond (spy x family), spy x family	bond_(spy_x_family)	1039
faris scherwiz, final fantasy	faris_scherwiz	1039
taihou (enraptured companion) (azur lane), azur lane	taihou_(enraptured_companion)_(azur_lane)	1038
kaga sumire, vspo!	kaga_sumire	1037
airani iofifteen, hololive	airani_iofifteen	1035
kisaragi (azur lane), azur lane	kisaragi_(azur_lane)	1035
yae miko (fox), genshin impact	yae_miko_(fox)	1035
dinergate (girls' frontline), girls' frontline	dinergate_(girls'_frontline)	1034
lin (arknights), arknights	lin_(arknights)	1034
rozaliya olenyeva, honkai (series)	rozaliya_olenyeva	1033
pekoyama peko, danganronpa (series)	pekoyama_peko	1031
hiodoshi ao, hololive	hiodoshi_ao	1030
daiichi ruby (umamusume), umamusume	daiichi_ruby_(umamusume)	1029
ayanami (retrofit) (azur lane), azur lane	ayanami_(retrofit)_(azur_lane)	1026
crow (la+ darknesss), hololive	crow_(la+_darknesss)	1026
gray (fate), fate/grand order	gray_(fate)	1024
sora (blue archive), blue archive	sora_(blue_archive)	1024
yuudachi (azur lane), azur lane	yuudachi_(azur_lane)	1024
hammann (azur lane), azur lane	hammann_(azur_lane)	1021
owari (azur lane), azur lane	owari_(azur_lane)	1021
yuni (princess connect!), princess connect!	yuni_(princess_connect!)	1018
zara (poolside coincidence) (azur lane), azur lane	zara_(poolside_coincidence)_(azur_lane)	1018
graf zeppelin (azur lane), azur lane	graf_zeppelin_(azur_lane)	1016
bb (swimsuit mooncancer) (third ascension) (fate), fate/grand order	bb_(swimsuit_mooncancer)_(third_ascension)_(fate)	1015
ptilopsis (arknights), arknights	ptilopsis_(arknights)	1015
viy (fate), fate/grand order	viy_(fate)	1014
yaoyao (genshin impact), genshin impact	yaoyao_(genshin_impact)	1014
magallan (arknights), arknights	magallan_(arknights)	1013
stheno (fate), fate/grand order	stheno_(fate)	1012
titan (shingeki no kyojin), shingeki no kyojin	titan_(shingeki_no_kyojin)	1009
celine (fire emblem), fire emblem	celine_(fire_emblem)	1008
hyakumantenbara salome (1st costume), nijisanji	hyakumantenbara_salome_(1st_costume)	1008
nakagawa natsuki, hibike! euphonium	nakagawa_natsuki	1008
galleon (granblue fantasy), granblue fantasy	galleon_(granblue_fantasy)	1006
riza hawkeye, fullmetal alchemist	riza_hawkeye	1005
sui-feng, bleach	sui-feng	1005
kamisato ayaka (springbloom missive), genshin impact	kamisato_ayaka_(springbloom_missive)	1004
le malin (listless lapin) (azur lane), azur lane	le_malin_(listless_lapin)_(azur_lane)	1004
tiamat (fate), fate/grand order	tiamat_(fate)	1004
andira (granblue fantasy), granblue fantasy	andira_(granblue_fantasy)	1003
annette fantine dominic, fire emblem	annette_fantine_dominic	1002
cleveland (azur lane), azur lane	cleveland_(azur_lane)	1002
scarlet (nikke), goddess of victory: nikke	scarlet_(nikke)	1002
spas-12 (girls' frontline), girls' frontline	spas-12_(girls'_frontline)	1002
iino miko, kaguya-sama wa kokurasetai ~tensai-tachi no renai zunousen~	iino_miko	1001
millie parfait, nijisanji	millie_parfait	1001
akiha rumiho, steins;gate	akiha_rumiho	1000
honma himawari, nijisanji	honma_himawari	1000
jeanne d'arc (third ascension) (fate), fate (series)	jeanne_d'arc_(third_ascension)_(fate)	1000
warfarin (arknights), arknights	warfarin_(arknights)	1000
reijo (blue archive), blue archive	reijo_(blue_archive)	999
yunaka (fire emblem), fire emblem	yunaka_(fire_emblem)	998
echidna (re:zero), re:zero kara hajimeru isekai seikatsu	echidna_(re:zero)	995
villager (animal crossing), animal crossing	villager_(animal_crossing)	994
franka (arknights), arknights	franka_(arknights)	993
kadoc zemlupus, fate/grand order	kadoc_zemlupus	993
k.s.miracle (umamusume), umamusume	k.s.miracle_(umamusume)	987
gavial (arknights), arknights	gavial_(arknights)	986
jingwei (bird), honkai (series)	jingwei_(bird)	984
mia (fire emblem), fire emblem	mia_(fire_emblem)	984
jeanne d'arc alter (avenger) (first ascension) (fate), fate/grand order	jeanne_d'arc_alter_(avenger)_(first_ascension)_(fate)	983
asahina aoi, danganronpa (series)	asahina_aoi	982
atago (stunning speedster) (azur lane), azur lane	atago_(stunning_speedster)_(azur_lane)	982
shoukaku (azur lane), azur lane	shoukaku_(azur_lane)	982
liskarm (arknights), arknights	liskarm_(arknights)	981
mejiro ryan (umamusume), umamusume	mejiro_ryan_(umamusume)	981
rindou mikoto, nijisanji	rindou_mikoto	980
yoneme mei, love live!	yoneme_mei	979
zenno rob roy (umamusume), umamusume	zenno_rob_roy_(umamusume)	979
aragaki ayase, ore no imouto ga konna ni kawaii wake ga nai	aragaki_ayase	978
kuramochi meruto, nijisanji	kuramochi_meruto	978
lize helesta (1st costume), nijisanji	lize_helesta_(1st_costume)	976
ichigaya arisa, bang dream!	ichigaya_arisa	973
shigure (hot spring) (blue archive), blue archive	shigure_(hot_spring)_(blue_archive)	973
lain paterson, nijisanji	lain_paterson	972
paul bunyan (fate), fate/grand order	paul_bunyan_(fate)	972
meer campbell, gundam	meer_campbell	971
puru two, gundam	puru_two	969
wonder acute (umamusume), umamusume	wonder_acute_(umamusume)	969
yang guifei (second ascension) (fate), fate/grand order	yang_guifei_(second_ascension)_(fate)	969
mysterious heroine x (fate), fate/grand order	mysterious_heroine_x_(fate)	966
beatrix (granblue fantasy), granblue fantasy	beatrix_(granblue_fantasy)	964
naegi komaru, danganronpa (series)	naegi_komaru	962
higuchi kaede (1st costume), nijisanji	higuchi_kaede_(1st_costume)	956
hindenburg (azur lane), azur lane	hindenburg_(azur_lane)	954
nefertari vivi, one piece	nefertari_vivi	951
momosuzu nene (1st costume), hololive	momosuzu_nene_(1st_costume)	949
amane suzuha, steins;gate	amane_suzuha	941
yun jin (genshin impact), genshin impact	yun_jin_(genshin_impact)	941
amane misa, death note	amane_misa	939
fallenshadow, indie virtual youtuber	fallenshadow	939
lappland (refined horrormare) (arknights), arknights	lappland_(refined_horrormare)_(arknights)	939
irys (irys 2.0) (hololive), hololive	irys_(irys_2.0)_(hololive)	938
hanae (blue archive), blue archive	hanae_(blue_archive)	937
nitocris (swimsuit assassin) (fate), fate/grand order	nitocris_(swimsuit_assassin)_(fate)	937
zuikaku (azur lane), azur lane	zuikaku_(azur_lane)	937
a-chan (hololive), hololive	a-chan_(hololive)	936
jeanne d'arc (swimsuit archer) (first ascension) (fate), fate/grand order	jeanne_d'arc_(swimsuit_archer)_(first_ascension)_(fate)	934
ophelia (fire emblem), fire emblem	ophelia_(fire_emblem)	934
vert (neptunia), neptune (series)	vert_(neptunia)	933
pozyomka (arknights), arknights	pozyomka_(arknights)	931
sirius (azure horizons) (azur lane), azur lane	sirius_(azure_horizons)_(azur_lane)	930
vsk-94 (girls' frontline), girls' frontline	vsk-94_(girls'_frontline)	930
shigure ui (young) (vtuber), indie virtual youtuber	shigure_ui_(young)_(vtuber)	927
ulrich von hutten (azur lane), azur lane	ulrich_von_hutten_(azur_lane)	921
sora (arknights), arknights	sora_(arknights)	920
xu fu (fate), fate/grand order	xu_fu_(fate)	920
bazett fraga mcremitz, fate/grand order	bazett_fraga_mcremitz	919
huohuo (honkai: star rail), honkai: star rail	huohuo_(honkai:_star_rail)	919
gravel (arknights), arknights	gravel_(arknights)	918
elizabeth bathory (brave) (fate), fate/grand order	elizabeth_bathory_(brave)_(fate)	915
carmilla (fate), fate/grand order	carmilla_(fate)	914
fighter (granblue fantasy), granblue fantasy	fighter_(granblue_fantasy)	914
friedrich der grosse (azur lane), azur lane	friedrich_der_grosse_(azur_lane)	912
sheik, the legend of zelda	sheik	912
kiana kaslana (herrscher of the void), honkai (series)	kiana_kaslana_(herrscher_of_the_void)	911
scheherazade (fate), fate/grand order	scheherazade_(fate)	911
yuzuki choco (1st costume), hololive	yuzuki_choco_(1st_costume)	909
female commander (girls' frontline), girls' frontline	female_commander_(girls'_frontline)	908
nagao kagetora (fate), fate/grand order	nagao_kagetora_(fate)	905
p90 (girls' frontline), girls' frontline	p90_(girls'_frontline)	905
ishigami nozomi, nijisanji	ishigami_nozomi	904
neko (minato aqua), hololive	neko_(minato_aqua)	904
sophie neuenmuller, atelier (series)	sophie_neuenmuller	902
rosa (arknights), arknights	rosa_(arknights)	899
admiral graf spee (azur lane), azur lane	admiral_graf_spee_(azur_lane)	898
mashiro (blue archive), blue archive	mashiro_(blue_archive)	898
sasaki saku (1st costume), nijisanji	sasaki_saku_(1st_costume)	898
toyama kasumi, bang dream!	toyama_kasumi	898
nanakusa nazuna (yofukashi no uta), yofukashi no uta	nanakusa_nazuna_(yofukashi_no_uta)	897
zentreya (dragon), vshojo	zentreya_(dragon)	897
shining (arknights), arknights	shining_(arknights)	896
tomori nao, charlotte (anime)	tomori_nao	894
secelia dote, gundam	secelia_dote	893
zima (arknights), arknights	zima_(arknights)	891
kureiji ollie (1st costume), hololive	kureiji_ollie_(1st_costume)	889
hayakawa tazuna, umamusume	hayakawa_tazuna	887
noshiro (azur lane), azur lane	noshiro_(azur_lane)	887
charlotte (genshin impact), genshin impact	charlotte_(genshin_impact)	885
bubba (watson amelia), hololive	bubba_(watson_amelia)	883
kiana kaslana (white comet), honkai (series)	kiana_kaslana_(white_comet)	883
rosemi lovelock, nijisanji	rosemi_lovelock	880
ibuki douji (fate), fate/grand order	ibuki_douji_(fate)	878
g41 (girls' frontline), girls' frontline	g41_(girls'_frontline)	876
yae sakura (gyakushinn miko), honkai (series)	yae_sakura_(gyakushinn_miko)	876
astesia (arknights), arknights	astesia_(arknights)	875
semiramis (fate), fate (series)	semiramis_(fate)	874
yoshikawa yuuko, hibike! euphonium	yoshikawa_yuuko	873
kallen kaslana, honkai (series)	kallen_kaslana	872
harime nui, kill la kill	harime_nui	869
haman karn, gundam	haman_karn	867
ars almal, nijisanji	ars_almal	866
blue poison (shoal beat) (arknights), arknights	blue_poison_(shoal_beat)_(arknights)	865
kawakami princess (umamusume), umamusume	kawakami_princess_(umamusume)	865
shirasagi chisato, bang dream!	shirasagi_chisato	865
chloe (princess connect!), princess connect!	chloe_(princess_connect!)	864
gojou wakana, sono bisque doll wa koi wo suru	gojou_wakana	863
snow white (nikke), goddess of victory: nikke	snow_white_(nikke)	862
noir (nikke), goddess of victory: nikke	noir_(nikke)	858
pien cat (needy girl overdose), needy girl overdose	pien_cat_(needy_girl_overdose)	858
minami yume, gridman universe	minami_yume	856
azusa (swimsuit) (blue archive), blue archive	azusa_(swimsuit)_(blue_archive)	855
degenbrecher (arknights), arknights	degenbrecher_(arknights)	854
silvervale, vshojo	silvervale	852
tsukuyo (blue archive), blue archive	tsukuyo_(blue_archive)	852
massachusetts (azur lane), azur lane	massachusetts_(azur_lane)	851
tier harribel, bleach	tier_harribel	851
mysterious heroine x alter (first ascension) (fate), fate/grand order	mysterious_heroine_x_alter_(first_ascension)_(fate)	850
becky blackbell, spy x family	becky_blackbell	849
pa-15 (girls' frontline), girls' frontline	pa-15_(girls'_frontline)	849
agrias oaks, final fantasy	agrias_oaks	847
wii fit trainer (female), wii fit	wii_fit_trainer_(female)	847
azki (4th costume) (hololive), hololive	azki_(4th_costume)_(hololive)	846
perseus (azur lane), azur lane	perseus_(azur_lane)	846
aoi (blue archive), blue archive	aoi_(blue_archive)	845
coyote (kemono friends), kemono friends	coyote_(kemono_friends)	842
iori rinko, gundam	iori_rinko	841
25-ji miku, project sekai	25-ji_miku	840
mordred (swimsuit rider) (fate), fate/grand order	mordred_(swimsuit_rider)_(fate)	839
shamare (arknights), arknights	shamare_(arknights)	839
okita j. souji (fate), fate/grand order	okita_j._souji_(fate)	836
uehara himari, bang dream!	uehara_himari	836
anna (fire emblem), fire emblem	anna_(fire_emblem)	833
mash kyrielight (swimsuit of perpetual summer), fate/grand order	mash_kyrielight_(swimsuit_of_perpetual_summer)	833
mythra (massive melee) (xenoblade), xenoblade chronicles (series)	mythra_(massive_melee)_(xenoblade)	831
nowi (fire emblem), fire emblem	nowi_(fire_emblem)	831
sirius (scorching-hot seirios) (azur lane), azur lane	sirius_(scorching-hot_seirios)_(azur_lane)	831
tsukumo sana (1st costume), hololive	tsukumo_sana_(1st_costume)	831
onigirya (nekomata okayu), hololive	onigirya_(nekomata_okayu)	830
utaha (blue archive), blue archive	utaha_(blue_archive)	830
moe (swimsuit) (blue archive), blue archive	moe_(swimsuit)_(blue_archive)	829
temari (naruto), naruto (series)	temari_(naruto)	828
yamada elf, eromanga sensei	yamada_elf	828
black hanekawa, monogatari (series)	black_hanekawa	826
kokoro (hakui koyori), hololive	kokoro_(hakui_koyori)	826
valkyrie (fate), fate/grand order	valkyrie_(fate)	825
zooey (granblue fantasy), granblue fantasy	zooey_(granblue_fantasy)	823
honoka (doa), dead or alive	honoka_(doa)	822
onitsuka natsumi, love live!	onitsuka_natsumi	821
helena (azur lane), azur lane	helena_(azur_lane)	820
shinomiya runa, vspo!	shinomiya_runa	819
crownslayer (arknights), arknights	crownslayer_(arknights)	818
duramente (umamusume), umamusume	duramente_(umamusume)	818
lavinia whateley (fate), fate/grand order	lavinia_whateley_(fate)	818
mdr (girls' frontline), girls' frontline	mdr_(girls'_frontline)	818
haruna (track) (blue archive), blue archive	haruna_(track)_(blue_archive)	817
jill warrick, final fantasy	jill_warrick	817
soda (nikke), goddess of victory: nikke	soda_(nikke)	817
kayoko (new year) (blue archive), blue archive	kayoko_(new_year)_(blue_archive)	816
black heart (neptunia), neptune (series)	black_heart_(neptunia)	815
suo sango, nijisanji	suo_sango	815
megu (blue archive), blue archive	megu_(blue_archive)	813
indomitable (azur lane), azur lane	indomitable_(azur_lane)	812
elma (maidragon), kobayashi-san chi no maidragon	elma_(maidragon)	810
grizzly mkv (girls' frontline), girls' frontline	grizzly_mkv_(girls'_frontline)	810
quetzalcoatl (fate), fate/grand order	quetzalcoatl_(fate)	810
medusa (lancer) (fate), fate/grand order	medusa_(lancer)_(fate)	809
skadi (waverider) (arknights), arknights	skadi_(waverider)_(arknights)	809
platelet (hataraku saibou), hataraku saibou	platelet_(hataraku_saibou)	808
kroos (arknights), arknights	kroos_(arknights)	807
queen elizabeth (azur lane), azur lane	queen_elizabeth_(azur_lane)	806
dsr-50 (girls' frontline), girls' frontline	dsr-50_(girls'_frontline)	804
heixiu, arknights	heixiu	804
martha (swimsuit ruler) (fate), fate/grand order	martha_(swimsuit_ruler)_(fate)	803
sheffield (azur lane), azur lane	sheffield_(azur_lane)	803
takimoto hifumi, new game!	takimoto_hifumi	802
ao-chan (ninomae ina'nis), hololive	ao-chan_(ninomae_ina'nis)	800
female doctor (arknights), arknights	female_doctor_(arknights)	800
yuel (granblue fantasy), granblue fantasy	yuel_(granblue_fantasy)	800
nekko (momosuzu nene), hololive	nekko_(momosuzu_nene)	799
august von parseval (azur lane), azur lane	august_von_parseval_(azur_lane)	797
negev (girls' frontline), girls' frontline	negev_(girls'_frontline)	797
sukoya kana (1st costume), nijisanji	sukoya_kana_(1st_costume)	797
shiranui flare (1st costume), hololive	shiranui_flare_(1st_costume)	796
surtr (colorful wonderland) (arknights), arknights	surtr_(colorful_wonderland)_(arknights)	796
tamamo cat (first ascension) (fate), fate/grand order	tamamo_cat_(first_ascension)_(fate)	795
bache (azur lane), azur lane	bache_(azur_lane)	793
jeanne d'arc (swimsuit archer) (second ascension) (fate), fate/grand order	jeanne_d'arc_(swimsuit_archer)_(second_ascension)_(fate)	792
smol ame, hololive	smol_ame	792
melody (projektmelody), vshojo	melody_(projektmelody)	791
tennouboshi uzume, neptune (series)	tennouboshi_uzume	790
female assassin (fate/zero), fate (series)	female_assassin_(fate/zero)	789
lilith (machikado mazoku), machikado mazoku	lilith_(machikado_mazoku)	788
kson, vshojo	kson	787
listener (inugami korone), hololive	listener_(inugami_korone)	787
morinaka kazaki, nijisanji	morinaka_kazaki	787
kingprotea (fate), fate/grand order	kingprotea_(fate)	782
hoshikawa sara (1st costume), nijisanji	hoshikawa_sara_(1st_costume)	781
lisbeth (sao), sword art online	lisbeth_(sao)	781
candace (genshin impact), genshin impact	candace_(genshin_impact)	779
meowy (chainsaw man), chainsaw man	meowy_(chainsaw_man)	779
veyle (fire emblem), fire emblem	veyle_(fire_emblem)	779
9a-91 (girls' frontline), girls' frontline	9a-91_(girls'_frontline)	778
cherino (blue archive), blue archive	cherino_(blue_archive)	778
gotoh hitori (octopus), bocchi the rock!	gotoh_hitori_(octopus)	777
seele vollerei (herrscher of rebirth), honkai (series)	seele_vollerei_(herrscher_of_rebirth)	777
uni (neptunia), neptune (series)	uni_(neptunia)	777
tashkent (azur lane), azur lane	tashkent_(azur_lane)	776
takemi tae, persona	takemi_tae	775
nelliel tu odelschwanck, bleach	nelliel_tu_odelschwanck	772
pokobee, hololive	pokobee	769
shimakaze (azur lane), azur lane	shimakaze_(azur_lane)	769
vyrn (granblue fantasy), granblue fantasy	vyrn_(granblue_fantasy)	769
rim (kamitsubaki studio), kamitsubaki studio	rim_(kamitsubaki_studio)	767
akai haato (1st costume), hololive	akai_haato_(1st_costume)	765
circe (fate), fate/grand order	circe_(fate)	764
gotoh hitori (tsuchinoko), bocchi the rock!	gotoh_hitori_(tsuchinoko)	764
neon (nikke), goddess of victory: nikke	neon_(nikke)	763
oda nobunaga (maou avenger) (fate), fate/grand order	oda_nobunaga_(maou_avenger)_(fate)	763
elizabeth (persona), persona	elizabeth_(persona)	762
himemori luna (1st costume), hololive	himemori_luna_(1st_costume)	762
sommie (fire emblem), fire emblem	sommie_(fire_emblem)	762
tamamo cat (third ascension) (fate), fate/grand order	tamamo_cat_(third_ascension)_(fate)	762
asuna (sao-alo), sword art online	asuna_(sao-alo)	761
moona hoshinova (1st costume), hololive	moona_hoshinova_(1st_costume)	758
hood (azur lane), azur lane	hood_(azur_lane)	757
pamiat merkuria (azur lane), azur lane	pamiat_merkuria_(azur_lane)	755
saren (summer) (princess connect!), princess connect!	saren_(summer)_(princess_connect!)	755
viviana (arknights), arknights	viviana_(arknights)	754
ryne waters, final fantasy	ryne_waters	753
tomoe gozen (swimsuit saber) (first ascension) (fate), fate/grand order	tomoe_gozen_(swimsuit_saber)_(first_ascension)_(fate)	752
vampy, granblue fantasy	vampy	751
priestess (goblin slayer!), goblin slayer!	priestess_(goblin_slayer!)	749
yamanin zephyr (umamusume), umamusume	yamanin_zephyr_(umamusume)	748
baron bunny (genshin impact), genshin impact	baron_bunny_(genshin_impact)	747
goldmary (fire emblem), fire emblem	goldmary_(fire_emblem)	747
sakura miko (school uniform), hololive	sakura_miko_(school_uniform)	745
kashino (hot springs relaxation) (azur lane), azur lane	kashino_(hot_springs_relaxation)_(azur_lane)	744
yuzu (maid) (blue archive), blue archive	yuzu_(maid)_(blue_archive)	743
aa-12 (girls' frontline), girls' frontline	aa-12_(girls'_frontline)	742
mp40 (girls' frontline), girls' frontline	mp40_(girls'_frontline)	740
ines fujin (umamusume), umamusume	ines_fujin_(umamusume)	738
nunnally vi britannia, code geass	nunnally_vi_britannia	738
pipkin pippa, phase connect	pipkin_pippa	738
ulti (one piece), one piece	ulti_(one_piece)	736
flayn (fire emblem), fire emblem	flayn_(fire_emblem)	735
hinoka (fire emblem), fire emblem	hinoka_(fire_emblem)	734
vector (girls' frontline), girls' frontline	vector_(girls'_frontline)	734
izumi (blue archive), blue archive	izumi_(blue_archive)	733
eldridge (azur lane), azur lane	eldridge_(azur_lane)	732
ines (arknights), arknights	ines_(arknights)	732
skadi (elite ii) (arknights), arknights	skadi_(elite_ii)_(arknights)	732
tokino sora (1st costume), hololive	tokino_sora_(1st_costume)	732
udagawa tomoe, bang dream!	udagawa_tomoe	732
gummy (arknights), arknights	gummy_(arknights)	730
ieiri shoko, jujutsu kaisen	ieiri_shoko	730
siberian chipmunk (kemono friends), kemono friends	siberian_chipmunk_(kemono_friends)	729
sena (blue archive), blue archive	sena_(blue_archive)	725
dorothy (arknights), arknights	dorothy_(arknights)	724
gareth (fate), fate/grand order	gareth_(fate)	724
marvelous sunday (umamusume), umamusume	marvelous_sunday_(umamusume)	724
melusine (second ascension) (fate), fate/grand order	melusine_(second_ascension)_(fate)	724
sayla mass, gundam	sayla_mass	721
welrod mkii (girls' frontline), girls' frontline	welrod_mkii_(girls'_frontline)	720
karyl (summer) (princess connect!), princess connect!	karyl_(summer)_(princess_connect!)	719
koyanskaya (assassin) (first ascension) (fate), fate/grand order	koyanskaya_(assassin)_(first_ascension)_(fate)	719
nekomiya hinata, hinata channel	nekomiya_hinata	719
jeanne d'arc (girl from orleans) (fate), fate (series)	jeanne_d'arc_(girl_from_orleans)_(fate)	718
syuen (nikke), goddess of victory: nikke	syuen_(nikke)	717
jibril (no game no life), no game no life	jibril_(no_game_no_life)	716
unohana retsu, bleach	unohana_retsu	714
adult neptune, neptune (series)	adult_neptune	713
charlotta (granblue fantasy), granblue fantasy	charlotta_(granblue_fantasy)	712
foo fighters (jojo), jojo no kimyou na bouken	foo_fighters_(jojo)	712
mimori (blue archive), blue archive	mimori_(blue_archive)	712
mudrock (silent night) (arknights), arknights	mudrock_(silent_night)_(arknights)	712
admiral hipper (azur lane), azur lane	admiral_hipper_(azur_lane)	711
kar98k (girls' frontline), girls' frontline	kar98k_(girls'_frontline)	711
euphemia li britannia, code geass	euphemia_li_britannia	710
feldt grace, gundam	feldt_grace	709
itsuka kotori, date a live	itsuka_kotori	709
sin mal, honkai (series)	sin_mal	709
akuma nihmune, indie virtual youtuber	akuma_nihmune	708
texas (winter messenger) (arknights), arknights	texas_(winter_messenger)_(arknights)	708
abigail williams (second ascension) (fate), fate/grand order	abigail_williams_(second_ascension)_(fate)	707
akari (blue archive), blue archive	akari_(blue_archive)	707
miyamoto musashi (third ascension) (fate), fate/grand order	miyamoto_musashi_(third_ascension)_(fate)	707
mythra (radiant beach) (xenoblade), xenoblade chronicles (series)	mythra_(radiant_beach)_(xenoblade)	707
liliya olenyeva, honkai (series)	liliya_olenyeva	706
kearsarge (azur lane), azur lane	kearsarge_(azur_lane)	705
totooria helmold, atelier (series)	totooria_helmold	705
zeta gundam (mobile suit), gundam	zeta_gundam_(mobile_suit)	705
melusine (swimsuit ruler) (fate), fate/grand order	melusine_(swimsuit_ruler)_(fate)	704
meteion, final fantasy	meteion	702
morag ladair (xenoblade), xenoblade chronicles (series)	morag_ladair_(xenoblade)	702
reimu endou, nijisanji	reimu_endou	702
poppi (xenoblade), xenoblade chronicles (series)	poppi_(xenoblade)	701
kromer (project moon), limbus company	kromer_(project_moon)	699
shizuko (blue archive), blue archive	shizuko_(blue_archive)	699
luna (honkai impact), honkai (series)	luna_(honkai_impact)	698
sakamoto ryouma (fate), fate/grand order	sakamoto_ryouma_(fate)	698
lisa lisa, jojo no kimyou na bouken	lisa_lisa	696
habetrot (fate), fate/grand order	habetrot_(fate)	695
sena (xenoblade), xenoblade chronicles (series)	sena_(xenoblade)	695
petra macneary, fire emblem	petra_macneary	693
yukimin (yukihana lamy), hololive	yukimin_(yukihana_lamy)	693
kagero (fire emblem), fire emblem	kagero_(fire_emblem)	692
oryou (fate), fate/grand order	oryou_(fate)	692
vill-v, honkai (series)	vill-v	691
xenovia quarta, high school dxd	xenovia_quarta	691
deutschland (azur lane), azur lane	deutschland_(azur_lane)	689
hakui koyori (summer), hololive	hakui_koyori_(summer)	689
qingque (honkai: star rail), honkai: star rail	qingque_(honkai:_star_rail)	688
boros (ouro kronii), hololive	boros_(ouro_kronii)	686
ninian (fire emblem), fire emblem	ninian_(fire_emblem)	686
paladin (final fantasy), final fantasy	paladin_(final_fantasy)	686
silva (granblue fantasy), granblue fantasy	silva_(granblue_fantasy)	686
jeanne d'arc (granblue fantasy), granblue fantasy	jeanne_d'arc_(granblue_fantasy)	683
marina (blue archive), blue archive	marina_(blue_archive)	683
type 97 (girls' frontline), girls' frontline	type_97_(girls'_frontline)	683
kotori (cheer squad) (blue archive), blue archive	kotori_(cheer_squad)_(blue_archive)	682
caeda (fire emblem), fire emblem	caeda_(fire_emblem)	681
nagant revolver (girls' frontline), girls' frontline	nagant_revolver_(girls'_frontline)	680
atago (summer march) (azur lane), azur lane	atago_(summer_march)_(azur_lane)	679
nina kosaka, nijisanji	nina_kosaka	679
white blood cell (hataraku saibou), hataraku saibou	white_blood_cell_(hataraku_saibou)	679
white heart (neptunia), neptune (series)	white_heart_(neptunia)	679
mordred (swimsuit rider) (first ascension) (fate), fate/grand order	mordred_(swimsuit_rider)_(first_ascension)_(fate)	678
tamamo no mae (swimsuit lancer) (second ascension) (fate), fate/grand order	tamamo_no_mae_(swimsuit_lancer)_(second_ascension)_(fate)	678
sharena (fire emblem), fire emblem	sharena_(fire_emblem)	677
vigna (arknights), arknights	vigna_(arknights)	677
la pluma (summer flowers) (arknights), arknights	la_pluma_(summer_flowers)_(arknights)	676
oz (genshin impact), genshin impact	oz_(genshin_impact)	676
tanaka asuka, hibike! euphonium	tanaka_asuka	676
baobhan sith (swimsuit pretender) (first ascension) (fate), fate/grand order	baobhan_sith_(swimsuit_pretender)_(first_ascension)_(fate)	675
suzuki jun, k-on!	suzuki_jun	675
nian (unfettered freedom) (arknights), arknights	nian_(unfettered_freedom)_(arknights)	674
elira pendora (1st costume), nijisanji	elira_pendora_(1st_costume)	673
essex (azur lane), azur lane	essex_(azur_lane)	672
elpeo puru, gundam	elpeo_puru	671
lissa (fire emblem), fire emblem	lissa_(fire_emblem)	669
usami (danganronpa), danganronpa (series)	usami_(danganronpa)	668
uruha rushia (3rd costume), hololive	uruha_rushia_(3rd_costume)	667
matsukai mao, nijisanji	matsukai_mao	666
amagi-chan (azur lane), azur lane	amagi-chan_(azur_lane)	665
fungi (genshin impact), genshin impact	fungi_(genshin_impact)	665
weedy (arknights), arknights	weedy_(arknights)	663
high elf archer (goblin slayer!), goblin slayer!	high_elf_archer_(goblin_slayer!)	662
oozora subaru (hololive summer 2019), hololive	oozora_subaru_(hololive_summer_2019)	662
komori met, vspo!	komori_met	661
lilina (fire emblem), fire emblem	lilina_(fire_emblem)	661
death-sensei (mori calliope), hololive	death-sensei_(mori_calliope)	660
robin (arknights), arknights	robin_(arknights)	660
yae sakura (goushinnso memento), honkai (series)	yae_sakura_(goushinnso_memento)	659
mp7 (girls' frontline), girls' frontline	mp7_(girls'_frontline)	658
naruko (naruto), naruto (series)	naruko_(naruto)	657
tenkawa nayuta, onii-chan wa oshimai!	tenkawa_nayuta	657
yaeno muteki (umamusume), umamusume	yaeno_muteki_(umamusume)	657
clara (honkai: star rail), honkai: star rail	clara_(honkai:_star_rail)	655
waai fu (arknights), arknights	waai_fu_(arknights)	655
memcho, oshi no ko	memcho	654
filo (tate no yuusha no nariagari), tate no yuusha no nariagari	filo_(tate_no_yuusha_no_nariagari)	653
hortensia (fire emblem), fire emblem	hortensia_(fire_emblem)	653
ping hai (azur lane), azur lane	ping_hai_(azur_lane)	653
kin'iro ryotei (umamusume), umamusume	kin'iro_ryotei_(umamusume)	652
ch'en the holungday (arknights), arknights	ch'en_the_holungday_(arknights)	651
hazawa tsugumi, bang dream!	hazawa_tsugumi	651
owari akane, danganronpa (series)	owari_akane	651
closure (arknights), arknights	closure_(arknights)	650
tobiichi origami, date a live	tobiichi_origami	650
daifuku (yukihana lamy), hololive	daifuku_(yukihana_lamy)	649
harmonie (arknights), arknights	harmonie_(arknights)	648
hubert von vestra, fire emblem	hubert_von_vestra	647
rupee (nikke), goddess of victory: nikke	rupee_(nikke)	646
irys (irys 1.0) (hololive), hololive	irys_(irys_1.0)_(hololive)	645
anko (gochiusa), gochuumon wa usagi desu ka?	anko_(gochiusa)	644
kumbhira (granblue fantasy), granblue fantasy	kumbhira_(granblue_fantasy)	644
sasaki chiho, hataraku maou-sama!	sasaki_chiho	644
sirin, honkai (series)	sirin	644
ishtar (fire emblem), fire emblem	ishtar_(fire_emblem)	643
oda nobunaga (swimsuit berserker) (fate), fate/grand order	oda_nobunaga_(swimsuit_berserker)_(fate)	643
sugimoto reimi, jojo no kimyou na bouken	sugimoto_reimi	643
inui sajuna, sono bisque doll wa koi wo suru	inui_sajuna	642
amano pikamee, voms	amano_pikamee	641
z46 (azur lane), azur lane	z46_(azur_lane)	641
igarashi rika, nijisanji	igarashi_rika	640
shamir nevrand, fire emblem	shamir_nevrand	640
yuegui (genshin impact), genshin impact	yuegui_(genshin_impact)	639
nara shikamaru, naruto (series)	nara_shikamaru	637
vajra (granblue fantasy), granblue fantasy	vajra_(granblue_fantasy)	636
barbara (summertime sparkle) (genshin impact), genshin impact	barbara_(summertime_sparkle)_(genshin_impact)	635
mononobe alice, nijisanji	mononobe_alice	635
nero claudius (olympian bloomers) (fate), fate/grand order	nero_claudius_(olympian_bloomers)_(fate)	635
agnes tachyon (lunatic lab) (umamusume), umamusume	agnes_tachyon_(lunatic_lab)_(umamusume)	634
numby (honkai: star rail), honkai: star rail	numby_(honkai:_star_rail)	632
dola (nijisanji), nijisanji	dola_(nijisanji)	631
henya the genius, vshojo	henya_the_genius	631
pecorine (summer) (princess connect!), princess connect!	pecorine_(summer)_(princess_connect!)	631
toujou koneko, high school dxd	toujou_koneko	630
melusine (genshin impact), genshin impact	melusine_(genshin_impact)	629
morgan le fay (queen of winter) (fate), fate/grand order	morgan_le_fay_(queen_of_winter)_(fate)	629
fjorm (fire emblem), fire emblem	fjorm_(fire_emblem)	628
leonie pinelli, fire emblem	leonie_pinelli	628
takane (blue archive), blue archive	takane_(blue_archive)	628
anya alstreim, code geass	anya_alstreim	625
eriko (princess connect!), princess connect!	eriko_(princess_connect!)	623
kojo anna, nanashi inc.	kojo_anna	623
rossweisse, high school dxd	rossweisse	621
shuten douji (first ascension) (fate), fate/grand order	shuten_douji_(first_ascension)_(fate)	621
puck (re:zero), re:zero kara hajimeru isekai seikatsu	puck_(re:zero)	620
queen of sheba (fate), fate/grand order	queen_of_sheba_(fate)	620
gaia (ff14), final fantasy	gaia_(ff14)	619
shaula (re:zero), re:zero kara hajimeru isekai seikatsu	shaula_(re:zero)	619
cernunnos (fate), fate/grand order	cernunnos_(fate)	618
utage (summer flowers) (arknights), arknights	utage_(summer_flowers)_(arknights)	618
felicia (fire emblem), fire emblem	felicia_(fire_emblem)	617
horn (arknights), arknights	horn_(arknights)	617
catura (granblue fantasy), granblue fantasy	catura_(granblue_fantasy)	616
erina pendleton, jojo no kimyou na bouken	erina_pendleton	616
shiranui flare (old design), hololive	shiranui_flare_(old_design)	614
tokarev (girls' frontline), girls' frontline	tokarev_(girls'_frontline)	614
nero claudius (bride) (second ascension) (fate), fate (series)	nero_claudius_(bride)_(second_ascension)_(fate)	613
rikku (ff10), final fantasy	rikku_(ff10)	613
saileach (arknights), arknights	saileach_(arknights)	611
cordelia (fire emblem), fire emblem	cordelia_(fire_emblem)	610
fu hua (azure empyrea), honkai (series)	fu_hua_(azure_empyrea)	610
frankenstein's monster (swimsuit saber) (fate), fate/grand order	frankenstein's_monster_(swimsuit_saber)_(fate)	609
heles, granblue fantasy	heles	609
modernia (nikke), goddess of victory: nikke	modernia_(nikke)	609
pola (azur lane), azur lane	pola_(azur_lane)	609
space ishtar (fate), fate/grand order	space_ishtar_(fate)	609
perroccino (fuwamoco), hololive	perroccino_(fuwamoco)	608
vei (vtuber), vshojo	vei_(vtuber)	607
carrot (one piece), one piece	carrot_(one_piece)	606
ibara mayaka, hyouka	ibara_mayaka	606
lain paterson (1st costume), nijisanji	lain_paterson_(1st_costume)	606
shiroko (cycling) (blue archive), blue archive	shiroko_(cycling)_(blue_archive)	606
houshou marine (marching band), hololive	houshou_marine_(marching_band)	605
klaudia valentz, atelier (series)	klaudia_valentz	605
kuroka (high school dxd), high school dxd	kuroka_(high_school_dxd)	605
maria marionette, nijisanji	maria_marionette	605
yamagishi yukako, jojo no kimyou na bouken	yamagishi_yukako	605
yamanaka sawako, k-on!	yamanaka_sawako	605
apricot the lich, vshojo	apricot_the_lich	604
rukkhadevata (genshin impact), genshin impact	rukkhadevata_(genshin_impact)	604
bambietta basterbine, bleach	bambietta_basterbine	603
nanakusa hazuki, idolmaster	nanakusa_hazuki	603
rosa farrell, final fantasy	rosa_farrell	603
tenten (naruto), naruto (series)	tenten_(naruto)	603
sukeban (smg) (blue archive), blue archive	sukeban_(smg)_(blue_archive)	602
chise (swimsuit) (blue archive), blue archive	chise_(swimsuit)_(blue_archive)	601
croissant (arknights), arknights	croissant_(arknights)	601
esdeath, akame ga kill!	esdeath	601
vampire (azur lane), azur lane	vampire_(azur_lane)	601
nu gundam, gundam	nu_gundam	600
yukino bijin (umamusume), umamusume	yukino_bijin_(umamusume)	600
misogi (princess connect!), princess connect!	misogi_(princess_connect!)	598
seele vollerei (stygian nymph), honkai (series)	seele_vollerei_(stygian_nymph)	598
whisperain (arknights), arknights	whisperain_(arknights)	598
lava (arknights), arknights	lava_(arknights)	597
francis drake (fate), fate (series)	francis_drake_(fate)	596
akagi ritsuko, neon genesis evangelion	akagi_ritsuko	595
tamamo no mae (swimsuit lancer) (third ascension) (fate), fate/grand order	tamamo_no_mae_(swimsuit_lancer)_(third_ascension)_(fate)	595
jururu, waktaverse	jururu	594
niya (blue archive), blue archive	niya_(blue_archive)	594
tweyen (granblue fantasy), granblue fantasy	tweyen_(granblue_fantasy)	594
archetto (arknights), arknights	archetto_(arknights)	593
fu hua (phoenix), honkai (series)	fu_hua_(phoenix)	593
lady avalon (fate), fate/grand order	lady_avalon_(fate)	593
yamabuki saya, bang dream!	yamabuki_saya	593
chieru (princess connect!), princess connect!	chieru_(princess_connect!)	592
shiori (princess connect!), princess connect!	shiori_(princess_connect!)	592
xinyan (genshin impact), genshin impact	xinyan_(genshin_impact)	591
carnelian (arknights), arknights	carnelian_(arknights)	590
grani (arknights), arknights	grani_(arknights)	590
istina (arknights), arknights	istina_(arknights)	590
olivia (fire emblem), fire emblem	olivia_(fire_emblem)	590
kaya (blue archive), blue archive	kaya_(blue_archive)	589
oogaki chiaki, yurucamp	oogaki_chiaki	588
lapis (fire emblem), fire emblem	lapis_(fire_emblem)	586
krile mayer baldesion (ff5), final fantasy	krile_mayer_baldesion_(ff5)	585
alisaie leveilleur, final fantasy	alisaie_leveilleur	584
dobrynya nikitich (fate), fate/grand order	dobrynya_nikitich_(fate)	584
kronie (ouro kronii), hololive	kronie_(ouro_kronii)	584
shirley fenette, code geass	shirley_fenette	584
pac-man, pac-man (game)	pac-man	583
richelieu (azur lane), azur lane	richelieu_(azur_lane)	583
shyrei faolan, vyugen	shyrei_faolan	583
katou danzou (fate), fate/grand order	katou_danzou_(fate)	582
dp-12 (girls' frontline), girls' frontline	dp-12_(girls'_frontline)	581
zenobia (fate), fate/grand order	zenobia_(fate)	581
gundam aerial, gundam	gundam_aerial	579
hinata (swimsuit) (blue archive), blue archive	hinata_(swimsuit)_(blue_archive)	577
monika weisswind, granblue fantasy	monika_weisswind	577
suzi q, jojo no kimyou na bouken	suzi_q	576
eiko carol, final fantasy	eiko_carol	575
koshimizu toru, nijisanji	koshimizu_toru	575
fran (ff12), final fantasy	fran_(ff12)	574
sophia (fire emblem), fire emblem	sophia_(fire_emblem)	573
hishi akebono (umamusume), umamusume	hishi_akebono_(umamusume)	572
klee (blossoming starlight) (genshin impact), genshin impact	klee_(blossoming_starlight)_(genshin_impact)	572
abigail williams (swimsuit foreigner) (first ascension) (fate), fate/grand order	abigail_williams_(swimsuit_foreigner)_(first_ascension)_(fate)	571
amiya (guard) (arknights), arknights	amiya_(guard)_(arknights)	571
asia argento, high school dxd	asia_argento	570
ermes costello, jojo no kimyou na bouken	ermes_costello	570
nier (granblue fantasy), granblue fantasy	nier_(granblue_fantasy)	570
palla (fire emblem), fire emblem	palla_(fire_emblem)	570
tamamo cat (second ascension) (fate), fate/grand order	tamamo_cat_(second_ascension)_(fate)	570
hanazono tae, bang dream!	hanazono_tae	569
snuffy (vtuber), indie virtual youtuber	snuffy_(vtuber)	569
anchorage (azur lane), azur lane	anchorage_(azur_lane)	568
mutsuki (new year) (blue archive), blue archive	mutsuki_(new_year)_(blue_archive)	567
mutsuki (azur lane), azur lane	mutsuki_(azur_lane)	566
tifa lockhart (refined dress), final fantasy	tifa_lockhart_(refined_dress)	566
grea (shingeki no bahamut), shingeki no bahamut	grea_(shingeki_no_bahamut)	565
mist (fire emblem), fire emblem	mist_(fire_emblem)	565
veronica (fire emblem), fire emblem	veronica_(fire_emblem)	565
makoto (genshin impact), genshin impact	makoto_(genshin_impact)	564
jingburger, waktaverse	jingburger	563
dusk (everything is a miracle) (arknights), arknights	dusk_(everything_is_a_miracle)_(arknights)	561
agent (girls' frontline), girls' frontline	agent_(girls'_frontline)	560
beeswax (arknights), arknights	beeswax_(arknights)	560
himiko (fate), fate/grand order	himiko_(fate)	560
huyan zhuo (fate), fate/grand order	huyan_zhuo_(fate)	560
mimi (princess connect!), princess connect!	mimi_(princess_connect!)	560
shirogane noel (summer 2020), hololive	shirogane_noel_(summer_2020)	559
shuten douji (halloween caster) (fate), fate/grand order	shuten_douji_(halloween_caster)_(fate)	559
yotsuyu goe brutus, final fantasy	yotsuyu_goe_brutus	559
eri (boku no hero academia), boku no hero academia	eri_(boku_no_hero_academia)	557
hinatsuki mikan, machikado mazoku	hinatsuki_mikan	557
meowfficer (azur lane), azur lane	meowfficer_(azur_lane)	557
udagawa ako, bang dream!	udagawa_ako	557
fujimaru ritsuka (female) (brilliant summer), fate/grand order	fujimaru_ritsuka_(female)_(brilliant_summer)	556
unicorn gundam, gundam	unicorn_gundam	556
makoto (princess connect!), princess connect!	makoto_(princess_connect!)	555
warspite (azur lane), azur lane	warspite_(azur_lane)	555
kohaku (dr. stone), dr. stone	kohaku_(dr._stone)	554
mina (blue archive), blue archive	mina_(blue_archive)	553
seele vollerei (starchasm nyx), honkai (series)	seele_vollerei_(starchasm_nyx)	552
dancer (final fantasy), final fantasy	dancer_(final_fantasy)	550
sazaki kaoruko, gundam	sazaki_kaoruko	550
yui (sao), sword art online	yui_(sao)	549
sinon (sao-alo), sword art online	sinon_(sao-alo)	548
beanstalk (arknights), arknights	beanstalk_(arknights)	547
caulifla, dragon ball	caulifla	546
fiora (xenoblade), xenoblade chronicles (series)	fiora_(xenoblade)	545
suzuran (yukibare) (arknights), arknights	suzuran_(yukibare)_(arknights)	545
mount lady, boku no hero academia	mount_lady	543
akikawa yayoi (umamusume), umamusume	akikawa_yayoi_(umamusume)	542
bailu (honkai: star rail), honkai: star rail	bailu_(honkai:_star_rail)	542
idw (girls' frontline), girls' frontline	idw_(girls'_frontline)	542
annytf, indie virtual youtuber	annytf	541
nero claudius (swimsuit caster) (third ascension) (fate), fate/grand order	nero_claudius_(swimsuit_caster)_(third_ascension)_(fate)	541
gigi andalusia, gundam	gigi_andalusia	540
kurumi (lycoris recoil), lycoris recoil	kurumi_(lycoris_recoil)	539
sumire (blue archive), blue archive	sumire_(blue_archive)	539
chloe (fire emblem), fire emblem	chloe_(fire_emblem)	538
qin liangyu (fate), fate/grand order	qin_liangyu_(fate)	538
kfp employee (takanashi kiara), hololive	kfp_employee_(takanashi_kiara)	537
prince of wales (azur lane), azur lane	prince_of_wales_(azur_lane)	537
lethe (fire emblem), fire emblem	lethe_(fire_emblem)	536
ratna petit, nijisanji	ratna_petit	536
ryu lion, dungeon ni deai wo motomeru no wa machigatteiru darou ka	ryu_lion	536
katsushika hokusai (swimsuit saber) (fate), fate/grand order	katsushika_hokusai_(swimsuit_saber)_(fate)	533
dunkerque (azur lane), azur lane	dunkerque_(azur_lane)	532
k2 (girls' frontline), girls' frontline	k2_(girls'_frontline)	532
ump40 (girls' frontline), girls' frontline	ump40_(girls'_frontline)	532
yorktown (azur lane), azur lane	yorktown_(azur_lane)	532
akumi (yoclesh), vyugen	akumi_(yoclesh)	530
iris (konosuba), kono subarashii sekai ni shukufuku wo!	iris_(konosuba)	529
m16a1 (boss) (girls' frontline), girls' frontline	m16a1_(boss)_(girls'_frontline)	529
dire wolf (kemono friends), kemono friends	dire_wolf_(kemono_friends)	526
yamagami karuta, nijisanji	yamagami_karuta	526
scarle yonaguni, nijisanji	scarle_yonaguni	525
europa (granblue fantasy), granblue fantasy	europa_(granblue_fantasy)	524
gorgon (fate), fate/grand order	gorgon_(fate)	524
pallas (arknights), arknights	pallas_(arknights)	524
sunday silence (racehorse), umamusume	sunday_silence_(racehorse)	524
asta (honkai: star rail), honkai: star rail	asta_(honkai:_star_rail)	523
selen tatsuki (1st costume), nijisanji	selen_tatsuki_(1st_costume)	523
artoria caster (first ascension) (fate), fate/grand order	artoria_caster_(first_ascension)_(fate)	522
nino (fire emblem), fire emblem	nino_(fire_emblem)	522
surtr (liberte echec) (arknights), arknights	surtr_(liberte_echec)_(arknights)	522
brighid (xenoblade), xenoblade chronicles (series)	brighid_(xenoblade)	521
uzumaki himawari, naruto (series)	uzumaki_himawari	521
barghest (second ascension) (fate), fate/grand order	barghest_(second_ascension)_(fate)	520
eruruu, utawarerumono	eruruu	520
minamoto shizuka, doraemon	minamoto_shizuka	520
seta kaoru, bang dream!	seta_kaoru	520
bb (swimsuit mooncancer) (first ascension) (fate), fate/grand order	bb_(swimsuit_mooncancer)_(first_ascension)_(fate)	519
five-seven (girls' frontline), girls' frontline	five-seven_(girls'_frontline)	519
mineva lao zabi, gundam	mineva_lao_zabi	519
sitonai (fate), fate/grand order	sitonai_(fate)	519
tsurumaru tsuyoshi (umamusume), umamusume	tsurumaru_tsuyoshi_(umamusume)	519
li sushang, honkai (series)	li_sushang	517
nena trinity, gundam	nena_trinity	517
sushang (honkai: star rail), honkai: star rail	sushang_(honkai:_star_rail)	517
lady nagant, boku no hero academia	lady_nagant	516
mugino shizuri, toaru majutsu no index	mugino_shizuri	516
kiryuu moeka, steins;gate	kiryuu_moeka	515
rfb (girls' frontline), girls' frontline	rfb_(girls'_frontline)	515
nakagawa nana, love live!	nakagawa_nana	514
ning hai (azur lane), azur lane	ning_hai_(azur_lane)	514
seele vollerei (swallowtail phantasm), honkai (series)	seele_vollerei_(swallowtail_phantasm)	514
baobhan sith (second ascension) (fate), fate/grand order	baobhan_sith_(second_ascension)_(fate)	513
citrinne (fire emblem), fire emblem	citrinne_(fire_emblem)	513
miteiru (shirakami fubuki), hololive	miteiru_(shirakami_fubuki)	513
svd (girls' frontline), girls' frontline	svd_(girls'_frontline)	513
catria (fire emblem), fire emblem	catria_(fire_emblem)	512
mano aloe, hololive	mano_aloe	511
ookami mio (hololive summer 2019), hololive	ookami_mio_(hololive_summer_2019)	511
timerra (fire emblem), fire emblem	timerra_(fire_emblem)	511
wild geese, gochuumon wa usagi desu ka?	wild_geese	511
cliffheart (arknights), arknights	cliffheart_(arknights)	509
hirose yasuho, jojo no kimyou na bouken	hirose_yasuho	509
provence (arknights), arknights	provence_(arknights)	509
cygnet (azur lane), azur lane	cygnet_(azur_lane)	508
brid (nikke), goddess of victory: nikke	brid_(nikke)	507
charlotte corday (fate), fate/grand order	charlotte_corday_(fate)	507
frenda seivelun, toaru majutsu no index	frenda_seivelun	505
katalina (granblue fantasy), granblue fantasy	katalina_(granblue_fantasy)	505
s.a.t.8 (girls' frontline), girls' frontline	s.a.t.8_(girls'_frontline)	505
sideroca (arknights), arknights	sideroca_(arknights)	505
cheelai, dragon ball	cheelai	504
milim nava, tensei shitara slime datta ken	milim_nava	504
chris (konosuba), kono subarashii sekai ni shukufuku wo!	chris_(konosuba)	502
kagura mea, kagura gumi	kagura_mea	502
shizuru (princess connect!), princess connect!	shizuru_(princess_connect!)	502
wang liu mei, gundam	wang_liu_mei	502
mei mei (jujutsu kaisen), jujutsu kaisen	mei_mei_(jujutsu_kaisen)	501
chuatury panlunch, gundam	chuatury_panlunch	499
angelia (girls' frontline), girls' frontline	angelia_(girls'_frontline)	498
bronya zaychik (herrscher of reason), honkai (series)	bronya_zaychik_(herrscher_of_reason)	498
zero (code geass), code geass	zero_(code_geass)	498
nightingale (arknights), arknights	nightingale_(arknights)	497
nyto (girls' frontline), girls' frontline	nyto_(girls'_frontline)	497
skyfire (arknights), arknights	skyfire_(arknights)	497
new jersey (exhilarating steps!) (azur lane), azur lane	new_jersey_(exhilarating_steps!)_(azur_lane)	496
takao (beach rhapsody) (azur lane), azur lane	takao_(beach_rhapsody)_(azur_lane)	496
saikawa riko, kobayashi-san chi no maidragon	saikawa_riko	495
tirpitz (azur lane), azur lane	tirpitz_(azur_lane)	493
formidable (the lady of the beach) (azur lane), azur lane	formidable_(the_lady_of_the_beach)_(azur_lane)	492
korwa, granblue fantasy	korwa	492
melusine (swimsuit ruler) (first ascension) (fate), fate/grand order	melusine_(swimsuit_ruler)_(first_ascension)_(fate)	492
prinz heinrich (azur lane), azur lane	prinz_heinrich_(azur_lane)	492
manticore (arknights), arknights	manticore_(arknights)	491
narmaya (summer) (granblue fantasy), granblue fantasy	narmaya_(summer)_(granblue_fantasy)	491
nyatasha nyanners, vshojo	nyatasha_nyanners	491
selphie tilmitt, final fantasy	selphie_tilmitt	491
kaga nazuna, vspo!	kaga_nazuna	490
lalah sune, gundam	lalah_sune	490
medusa (shingeki no bahamut), granblue fantasy	medusa_(shingeki_no_bahamut)	490
nika nanaura, gundam	nika_nanaura	490
raiden mei (herrscher of origin), honkai (series)	raiden_mei_(herrscher_of_origin)	490
african penguin (kemono friends), kemono friends	african_penguin_(kemono_friends)	489
perfumer (arknights), arknights	perfumer_(arknights)	489
petra gurin (1st costume), nijisanji	petra_gurin_(1st_costume)	489
shiro (no game no life), no game no life	shiro_(no_game_no_life)	489
chapayev (azur lane), azur lane	chapayev_(azur_lane)	488
green heart (neptunia), neptune (series)	green_heart_(neptunia)	488
mahira (granblue fantasy), granblue fantasy	mahira_(granblue_fantasy)	488
haaton (akai haato), hololive	haaton_(akai_haato)	486
jewelry bonney, one piece	jewelry_bonney	486
ch'en (ageless afterglow) (arknights), arknights	ch'en_(ageless_afterglow)_(arknights)	485
mary (nikke), goddess of victory: nikke	mary_(nikke)	485
mirai akari, mirai akari project	mirai_akari	484
iws 2000 (girls' frontline), girls' frontline	iws_2000_(girls'_frontline)	483
kukulkan (fate), fate/grand order	kukulkan_(fate)	483
pomu rainpuff (1st costume), nijisanji	pomu_rainpuff_(1st_costume)	483
tenochtitlan (second ascension) (fate), fate/grand order	tenochtitlan_(second_ascension)_(fate)	482
konan (naruto), naruto (series)	konan_(naruto)	481
minato aqua (school uniform), hololive	minato_aqua_(school_uniform)	481
pinecone (arknights), arknights	pinecone_(arknights)	480
cleopatra (fate), fate/grand order	cleopatra_(fate)	479
myrrh (fire emblem), fire emblem	myrrh_(fire_emblem)	479
kama (swimsuit avenger) (third ascension) (fate), fate/grand order	kama_(swimsuit_avenger)_(third_ascension)_(fate)	478
tamamo no mae (spring casual) (fate), fate/grand order	tamamo_no_mae_(spring_casual)_(fate)	478
nearl the radiant knight (arknights), arknights	nearl_the_radiant_knight_(arknights)	477
belfast (shopping with the head maid) (azur lane), azur lane	belfast_(shopping_with_the_head_maid)_(azur_lane)	476
dark knight (final fantasy), final fantasy	dark_knight_(final_fantasy)	476
amane kanata (nurse), hololive	amane_kanata_(nurse)	475
casca (berserk), berserk	casca_(berserk)	475
roux louka, gundam	roux_louka	475
soma peries, gundam	soma_peries	475
bronya zaychik (herrscher of truth), honkai (series)	bronya_zaychik_(herrscher_of_truth)	474
azuma (azur lane), azur lane	azuma_(azur_lane)	473
vermeil (arknights), arknights	vermeil_(arknights)	473
aiz wallenstein, dungeon ni deai wo motomeru no wa machigatteiru darou ka	aiz_wallenstein	472
michelle (bang dream!), bang dream!	michelle_(bang_dream!)	472
u-olga marie, fate/grand order	u-olga_marie	472
light hello (umamusume), umamusume	light_hello_(umamusume)	471
villetta nu, code geass	villetta_nu	470
yune (fire emblem), fire emblem	yune_(fire_emblem)	470
flametail (arknights), arknights	flametail_(arknights)	469
hibiscus (arknights), arknights	hibiscus_(arknights)	469
lunch (dragon ball), dragon ball	lunch_(dragon_ball)	469
red blood cell (hataraku saibou), hataraku saibou	red_blood_cell_(hataraku_saibou)	469
saint-louis (azur lane), azur lane	saint-louis_(azur_lane)	469
saratoga (azur lane), azur lane	saratoga_(azur_lane)	469
angelina (summer flower) (arknights), arknights	angelina_(summer_flower)_(arknights)	468
cheese-kun, code geass	cheese-kun	468
eyjafjalla (summer flower) (arknights), arknights	eyjafjalla_(summer_flower)_(arknights)	468
m4a1 (mod3) (girls' frontline), girls' frontline	m4a1_(mod3)_(girls'_frontline)	468
natsuiro matsuri (matsuri's day off), hololive	natsuiro_matsuri_(matsuri's_day_off)	468
rom (neptunia), neptune (series)	rom_(neptunia)	468
kobo kanaeru (1st costume), hololive	kobo_kanaeru_(1st_costume)	467
cornelia li britannia, code geass	cornelia_li_britannia	466
elu (nijisanji), nijisanji	elu_(nijisanji)	466
shinko windy (umamusume), umamusume	shinko_windy_(umamusume)	466
zentreya (cyborg), vshojo	zentreya_(cyborg)	466
grim (azur lane), azur lane	grim_(azur_lane)	464
saionji mary, nanashi inc.	saionji_mary	464
salome (one piece), one piece	salome_(one_piece)	464
yoshinon, date a live	yoshinon	464
geoffroy's cat (kemono friends), kemono friends	geoffroy's_cat_(kemono_friends)	463
kiryuuin ragyou, kill la kill	kiryuuin_ragyou	463
shaw (arknights), arknights	shaw_(arknights)	463
poyoyo (nakiri ayame), hololive	poyoyo_(nakiri_ayame)	462
yuuhi riri, nijisanji	yuuhi_riri	462
jacques de molay (foreigner) (fate), fate/grand order	jacques_de_molay_(foreigner)_(fate)	460
kotori (takanashi kiara), hololive	kotori_(takanashi_kiara)	460
pavolia reine (1st costume), hololive	pavolia_reine_(1st_costume)	460
lady avalon (second ascension) (fate), fate/grand order	lady_avalon_(second_ascension)_(fate)	459
victorious (azur lane), azur lane	victorious_(azur_lane)	459
akagi-chan (azur lane), azur lane	akagi-chan_(azur_lane)	458
dragoon (final fantasy), final fantasy	dragoon_(final_fantasy)	457
kriemhild (fate), fate/grand order	kriemhild_(fate)	457
reno (azur lane), azur lane	reno_(azur_lane)	457
sumeragi lee noriega, gundam	sumeragi_lee_noriega	457
anya melfissa (1st costume), hololive	anya_melfissa_(1st_costume)	456
ayane (swimsuit) (blue archive), blue archive	ayane_(swimsuit)_(blue_archive)	456
mujina, gridman universe	mujina	456
pina (sao), sword art online	pina_(sao)	456
sessyoin kiara (swimsuit mooncancer) (second ascension), fate/grand order	sessyoin_kiara_(swimsuit_mooncancer)_(second_ascension)	456
tsutsukakushi tsukiko, hentai ouji to warawanai neko.	tsutsukakushi_tsukiko	456
architect (girls' frontline), girls' frontline	architect_(girls'_frontline)	455
constance von nuvelle, fire emblem	constance_von_nuvelle	455
feh (fire emblem heroes), fire emblem	feh_(fire_emblem_heroes)	455
fubuzilla (shirakami fubuki), hololive	fubuzilla_(shirakami_fubuki)	455
hot pants (sbr), jojo no kimyou na bouken	hot_pants_(sbr)	455
nodoka (blue archive), blue archive	nodoka_(blue_archive)	455
ortlinde (fate), fate/grand order	ortlinde_(fate)	455
sabotender, final fantasy	sabotender	455
ilsa (granblue fantasy), granblue fantasy	ilsa_(granblue_fantasy)	454
shirahoshi, one piece	shirahoshi	454
hatsune (princess connect!), princess connect!	hatsune_(princess_connect!)	452
rosetta (granblue fantasy), granblue fantasy	rosetta_(granblue_fantasy)	452
director chimera (spy x family), spy x family	director_chimera_(spy_x_family)	451
m14 (girls' frontline), girls' frontline	m14_(girls'_frontline)	451
aerith gainsborough (red dress), final fantasy	aerith_gainsborough_(red_dress)	450
bamboo memory (umamusume), umamusume	bamboo_memory_(umamusume)	450
florina (fire emblem), fire emblem	florina_(fire_emblem)	450
krul tepes, owari no seraph	krul_tepes	450
uzumaki kushina, naruto (series)	uzumaki_kushina	450
houshou marine (nun), hololive	houshou_marine_(nun)	449
kaminari qpi, vspo!	kaminari_qpi	449
meloco kyoran, nijisanji	meloco_kyoran	449
okita j. souji (first ascension) (fate), fate/grand order	okita_j._souji_(first_ascension)_(fate)	449
debidebi debiru, nijisanji	debidebi_debiru	448
okita souji alter (first ascension) (fate), fate/grand order	okita_souji_alter_(first_ascension)_(fate)	448
hisaishi kanade, hibike! euphonium	hisaishi_kanade	447
komekko, kono subarashii sekai ni shukufuku wo!	komekko	447
sword maiden, goblin slayer!	sword_maiden	447
yu mei-ren (first ascension) (fate), fate/grand order	yu_mei-ren_(first_ascension)_(fate)	447
nitocris (swimsuit assassin) (second ascension) (fate), fate/grand order	nitocris_(swimsuit_assassin)_(second_ascension)_(fate)	446
south dakota (azur lane), azur lane	south_dakota_(azur_lane)	446
glimmer (xenoblade), xenoblade chronicles (series)	glimmer_(xenoblade)	445
lila decyrus, atelier (series)	lila_decyrus	445
pandoria (xenoblade), xenoblade chronicles (series)	pandoria_(xenoblade)	445
severa (fire emblem), fire emblem	severa_(fire_emblem)	445
thrud (fate), fate/grand order	thrud_(fate)	445
kinuhata saiai, toaru majutsu no index	kinuhata_saiai	444
ibuki douji (swimsuit berserker) (fate), fate/grand order	ibuki_douji_(swimsuit_berserker)_(fate)	443
fiona frost, spy x family	fiona_frost	442
yuri (project moon), limbus company	yuri_(project_moon)	442
kefla (dragon ball), dragon ball	kefla_(dragon_ball)	441
rizu-kyun, sono bisque doll wa koi wo suru	rizu-kyun	441
sussurro (summer flower) (arknights), arknights	sussurro_(summer_flower)_(arknights)	441
zain (omaru polka), hololive	zain_(omaru_polka)	441
atalanta alter (fate), fate/grand order	atalanta_alter_(fate)	440
milly ashford, code geass	milly_ashford	439
uruha rushia (school uniform), hololive	uruha_rushia_(school_uniform)	439
bremerton (kung fu cruiser) (azur lane), azur lane	bremerton_(kung_fu_cruiser)_(azur_lane)	438
sekishiro mico, nanashi inc.	sekishiro_mico	438
jean (sea breeze dandelion) (genshin impact), genshin impact	jean_(sea_breeze_dandelion)_(genshin_impact)	437
north carolina (azur lane), azur lane	north_carolina_(azur_lane)	437
ogami sakura, danganronpa (series)	ogami_sakura	437
shalltear bloodfallen, overlord (maruyama)	shalltear_bloodfallen	437
if (neptunia), neptune (series)	if_(neptunia)	436
fae (fire emblem), fire emblem	fae_(fire_emblem)	435
ram (neptunia), neptune (series)	ram_(neptunia)	435
saitou ena, yurucamp	saitou_ena	435
ebi-chan (gawr gura), hololive	ebi-chan_(gawr_gura)	432
hoshikawa sara (4th costume), nijisanji	hoshikawa_sara_(4th_costume)	432
kasumi (princess connect!), princess connect!	kasumi_(princess_connect!)	432
ntw-20 (girls' frontline), girls' frontline	ntw-20_(girls'_frontline)	432
nui sociere (1st costume), nijisanji	nui_sociere_(1st_costume)	432
fischl (ein immernachtstraum) (genshin impact), genshin impact	fischl_(ein_immernachtstraum)_(genshin_impact)	431
momoka (blue archive), blue archive	momoka_(blue_archive)	431
panette (fire emblem), fire emblem	panette_(fire_emblem)	431
aruruu, utawarerumono	aruruu	430
drake (nikke), goddess of victory: nikke	drake_(nikke)	430
mulberry (arknights), arknights	mulberry_(arknights)	430
penelo, final fantasy	penelo	430
yuzuki roa, nijisanji	yuzuki_roa	430
hatsume mei, boku no hero academia	hatsume_mei	429
cardigan (arknights), arknights	cardigan_(arknights)	428
kochou kanae, kimetsu no yaiba	kochou_kanae	428
kurata mashiro, bang dream!	kurata_mashiro	428
niijima sae, persona	niijima_sae	428
sen (granblue fantasy), granblue fantasy	sen_(granblue_fantasy)	428
kawakaze (azur lane), azur lane	kawakaze_(azur_lane)	427
llenn (sao), sword art online	llenn_(sao)	427
shirakami fubuki (fubukitek), hololive	shirakami_fubuki_(fubukitek)	427
yuuki chihiro, nijisanji	yuuki_chihiro	427
abigail williams (emerald float) (fate), fate/grand order	abigail_williams_(emerald_float)_(fate)	426
ceylon (arknights), arknights	ceylon_(arknights)	426
shizuku murasaki, hunter x hunter	shizuku_murasaki	426
yukihira souma, shokugeki no souma	yukihira_souma	425
jungle cat (kemono friends), kemono friends	jungle_cat_(kemono_friends)	424
magisa (granblue fantasy), granblue fantasy	magisa_(granblue_fantasy)	424
midnight (boku no hero academia), boku no hero academia	midnight_(boku_no_hero_academia)	424
pollux (fate), fate/grand order	pollux_(fate)	424
tianzi, code geass	tianzi	424
yu mei-ren (swimsuit lancer) (fate), fate/grand order	yu_mei-ren_(swimsuit_lancer)_(fate)	424
airani iofifteen (1st costume), hololive	airani_iofifteen_(1st_costume)	423
aliza (granblue fantasy), granblue fantasy	aliza_(granblue_fantasy)	423
kaga (battleship) (azur lane), azur lane	kaga_(battleship)_(azur_lane)	423
shigure (azur lane), azur lane	shigure_(azur_lane)	422
shiokko (murasaki shion), hololive	shiokko_(murasaki_shion)	422
suo sango (1st costume), nijisanji	suo_sango_(1st_costume)	422
ainz ooal gown, overlord (maruyama)	ainz_ooal_gown	421
ambriel (arknights), arknights	ambriel_(arknights)	421
etie (fire emblem), fire emblem	etie_(fire_emblem)	421
miyamoto musashi (first ascension) (fate), fate/grand order	miyamoto_musashi_(first_ascension)_(fate)	421
pikl (elira pendora), nijisanji	pikl_(elira_pendora)	420
toki ayano, yurucamp	toki_ayano	420
flora (fire emblem), fire emblem	flora_(fire_emblem)	419
framme (fire emblem), fire emblem	framme_(fire_emblem)	419
kurotsuchi nemu, bleach	kurotsuchi_nemu	419
yukikaze (azur lane), azur lane	yukikaze_(azur_lane)	419
emil (nier), nier (series)	emil_(nier)	418
hana (fire emblem), fire emblem	hana_(fire_emblem)	418
mysterious heroine x alter (second ascension) (fate), fate/grand order	mysterious_heroine_x_alter_(second_ascension)_(fate)	418
oda nobunaga (swimsuit berserker) (first ascension) (fate), fate/grand order	oda_nobunaga_(swimsuit_berserker)_(first_ascension)_(fate)	418
oruyanke (shirakami fubuki), hololive	oruyanke_(shirakami_fubuki)	418
tosa (azur lane), azur lane	tosa_(azur_lane)	418
machita chima, nijisanji	machita_chima	417
tsumugi (princess connect!), princess connect!	tsumugi_(princess_connect!)	417
vittorio veneto (azur lane), azur lane	vittorio_veneto_(azur_lane)	416
gm (mobile suit), gundam	gm_(mobile_suit)	415
little bel (azur lane), azur lane	little_bel_(azur_lane)	415
marida cruz, gundam	marida_cruz	415
ark royal (azur lane), azur lane	ark_royal_(azur_lane)	414
mash kyrielight (ortenaus), fate/grand order	mash_kyrielight_(ortenaus)	413
matsuoka gou, free!	matsuoka_gou	413
ninja (final fantasy), final fantasy	ninja_(final_fantasy)	413
miyamoto musashi (second ascension) (fate), fate/grand order	miyamoto_musashi_(second_ascension)_(fate)	412
priscilla barielle, re:zero kara hajimeru isekai seikatsu	priscilla_barielle	412
taihou (sweet time after school) (azur lane), azur lane	taihou_(sweet_time_after_school)_(azur_lane)	412
taihou (temptation on the sea breeze) (azur lane), azur lane	taihou_(temptation_on_the_sea_breeze)_(azur_lane)	412
wu zetian (first ascension) (fate), fate/grand order	wu_zetian_(first_ascension)_(fate)	412
elbe (azur lane), azur lane	elbe_(azur_lane)	411
ophelia phamrsolone, fate/grand order	ophelia_phamrsolone	411
zhuge kongming (honkai impact), honkai (series)	zhuge_kongming_(honkai_impact)	411
gundam mk ii, gundam	gundam_mk_ii	410
serina (nurse) (blue archive), blue archive	serina_(nurse)_(blue_archive)	410
unzen (azur lane), azur lane	unzen_(azur_lane)	410
fa yuiry, gundam	fa_yuiry	408
nachoneko, indie virtual youtuber	nachoneko	407
freyja (fire emblem), fire emblem	freyja_(fire_emblem)	406
helm (aqua marine) (nikke), goddess of victory: nikke	helm_(aqua_marine)_(nikke)	406
tsurugi (swimsuit) (blue archive), blue archive	tsurugi_(swimsuit)_(blue_archive)	406
wonderlands x showtime miku, project sekai	wonderlands_x_showtime_miku	406
xi gundam, gundam	xi_gundam	406
kiana kaslana (void drifter), honkai (series)	kiana_kaslana_(void_drifter)	405
monarch (azur lane), azur lane	monarch_(azur_lane)	405
penthesilea (fate), fate/grand order	penthesilea_(fate)	405
vestia zeta (1st costume), hololive	vestia_zeta_(1st_costume)	405
kuroe shizuku, sono bisque doll wa koi wo suru	kuroe_shizuku	404
plume (arknights), arknights	plume_(arknights)	404
tomari mari, indie virtual youtuber	tomari_mari	404
ae-3803, hataraku saibou	ae-3803	403
udin (kureiji ollie), hololive	udin_(kureiji_ollie)	403
bronya zaychik (haxxor bunny), honkai (series)	bronya_zaychik_(haxxor_bunny)	402
oboro (fire emblem), fire emblem	oboro_(fire_emblem)	402
thunder (girls' frontline), girls' frontline	thunder_(girls'_frontline)	402
chacha (fate), fate/grand order	chacha_(fate)	401
koyanskaya (chinese lostbelt outfit) (fate), fate/grand order	koyanskaya_(chinese_lostbelt_outfit)_(fate)	401
marina ismail, gundam	marina_ismail	401
selkie (fire emblem), fire emblem	selkie_(fire_emblem)	401
lee-enfield (girls' frontline), girls' frontline	lee-enfield_(girls'_frontline)	400
shizuko (swimsuit) (blue archive), blue archive	shizuko_(swimsuit)_(blue_archive)	400
sturm (granblue fantasy), granblue fantasy	sturm_(granblue_fantasy)	400
ayunda risu (1st costume), hololive	ayunda_risu_(1st_costume)	399
dobermann (arknights), arknights	dobermann_(arknights)	399
iori utahime, jujutsu kaisen	iori_utahime	398
kazuno sarah, love live!	kazuno_sarah	398
perseus (unfamiliar duties) (azur lane), azur lane	perseus_(unfamiliar_duties)_(azur_lane)	398
souya ichika, nanashi inc.	souya_ichika	398
yuigahama yui's mother, yahari ore no seishun lovecome wa machigatteiru.	yuigahama_yui's_mother	398
banana (girls' frontline), girls' frontline	banana_(girls'_frontline)	396
gotoh futari, bocchi the rock!	gotoh_futari	396
misora (princess connect!), princess connect!	misora_(princess_connect!)	396
threo (granblue fantasy), granblue fantasy	threo_(granblue_fantasy)	395
glaucus (arknights), arknights	glaucus_(arknights)	394
mikasa (azur lane), azur lane	mikasa_(azur_lane)	394
societte (granblue fantasy), granblue fantasy	societte_(granblue_fantasy)	394
anne bonny (fate), fate/grand order	anne_bonny_(fate)	393
baltimore (finish line flagbearer) (azur lane), azur lane	baltimore_(finish_line_flagbearer)_(azur_lane)	393
dori (genshin impact), genshin impact	dori_(genshin_impact)	393
hk416 (black kitty's gift) (girls' frontline), girls' frontline	hk416_(black_kitty's_gift)_(girls'_frontline)	393
santa alter, fate/grand order	santa_alter	393
tana (fire emblem), fire emblem	tana_(fire_emblem)	393
koyanskaya (foreigner) (first ascension) (fate), fate/grand order	koyanskaya_(foreigner)_(first_ascension)_(fate)	392
chen hai (azur lane), azur lane	chen_hai_(azur_lane)	391
hoso-inu, hololive	hoso-inu	391
kroos the keen glint (arknights), arknights	kroos_the_keen_glint_(arknights)	391
sessyoin kiara (lily), fate/grand order	sessyoin_kiara_(lily)	390
silica (sao-alo), sword art online	silica_(sao-alo)	390
angelina (distinguished visitor) (arknights), arknights	angelina_(distinguished_visitor)_(arknights)	389
nelson (azur lane), azur lane	nelson_(azur_lane)	389
taihou (seaside daydreams) (azur lane), azur lane	taihou_(seaside_daydreams)_(azur_lane)	389
asada shino, sword art online	asada_shino	388
ishtar (swimsuit rider) (fate), fate/grand order	ishtar_(swimsuit_rider)_(fate)	388
mudrock (obsidian) (arknights), arknights	mudrock_(obsidian)_(arknights)	388
shidou irina, high school dxd	shidou_irina	388
kurikoma komaru, aogiri koukou	kurikoma_komaru	387
alina (arknights), arknights	alina_(arknights)	386
fuyukawa kagari, hakanai kimi wa moukou wo hajimeru	fuyukawa_kagari	386
yoshino chidori, persona	yoshino_chidori	386
kudelia aina bernstein, gundam	kudelia_aina_bernstein	385
large-spotted genet (kemono friends), kemono friends	large-spotted_genet_(kemono_friends)	385
dokuro-kun (houshou marine), hololive	dokuro-kun_(houshou_marine)	384
felt (re:zero), re:zero kara hajimeru isekai seikatsu	felt_(re:zero)	384
hinamori momo, bleach	hinamori_momo	384
kristen (arknights), arknights	kristen_(arknights)	383
happy meek (umamusume), umamusume	happy_meek_(umamusume)	382
kiyohime (swimsuit lancer) (first ascension) (fate), fate/grand order	kiyohime_(swimsuit_lancer)_(first_ascension)_(fate)	382
relm arrowny, final fantasy	relm_arrowny	382
yaia (granblue fantasy), granblue fantasy	yaia_(granblue_fantasy)	382
eva 00, neon genesis evangelion	eva_00	381
fartooth (arknights), arknights	fartooth_(arknights)	381
mosin-nagant (girls' frontline), girls' frontline	mosin-nagant_(girls'_frontline)	381
plymouth (azur lane), azur lane	plymouth_(azur_lane)	381
saya (blue archive), blue archive	saya_(blue_archive)	381
neptune (azur lane), azur lane	neptune_(azur_lane)	380
yagoo, hololive	yagoo	380
ashelia b'nargin dalmasca, final fantasy	ashelia_b'nargin_dalmasca	379
abigail williams (festival outfit) (fate), fate/grand order	abigail_williams_(festival_outfit)_(fate)	378
prinz eugen (final lap) (azur lane), azur lane	prinz_eugen_(final_lap)_(azur_lane)	378
lulu (ff10), final fantasy	lulu_(ff10)	377
meltryllis (third ascension) (fate), fate/grand order	meltryllis_(third_ascension)_(fate)	377
purple sister, neptune (series)	purple_sister	377
sakamata chloe (jirai kei), hololive	sakamata_chloe_(jirai_kei)	375
shizune (naruto), naruto (series)	shizune_(naruto)	375
lunafreya nox fleuret, final fantasy	lunafreya_nox_fleuret	374
grayfia lucifuge, high school dxd	grayfia_lucifuge	373
kjera (arknights), arknights	kjera_(arknights)	373
m950a (girls' frontline), girls' frontline	m950a_(girls'_frontline)	373
alicia (granblue fantasy), granblue fantasy	alicia_(granblue_fantasy)	372
zas m21 (girls' frontline), girls' frontline	zas_m21_(girls'_frontline)	372
nitocris alter (fate), fate/grand order	nitocris_alter_(fate)	370
ppk (girls' frontline), girls' frontline	ppk_(girls'_frontline)	370
yusa emi, hataraku maou-sama!	yusa_emi	370
aki rosenthal (1st costume), hololive	aki_rosenthal_(1st_costume)	369
cerestia of life, last origin	cerestia_of_life	369
mikoko (kemomimi oukoku kokuei housou), kemomimi oukoku kokuei housou	mikoko_(kemomimi_oukoku_kokuei_housou)	369
tanaka hime, himehina channel	tanaka_hime	369
akatsuki uni, uni create	akatsuki_uni	368
fu hua (night squire), honkai (series)	fu_hua_(night_squire)	368
irene (voyage of feathers) (arknights), arknights	irene_(voyage_of_feathers)_(arknights)	368
miori celesta, tsunderia	miori_celesta	368
mochizuki chiyome (fate), fate/grand order	mochizuki_chiyome_(fate)	368
suzuki hina, himehina channel	suzuki_hina	368
elincia ridell crimea, fire emblem	elincia_ridell_crimea	367
godsworn alexiel, granblue fantasy	godsworn_alexiel	367
podenco (arknights), arknights	podenco_(arknights)	367
poppi qtpi (xenoblade), xenoblade chronicles (series)	poppi_qtpi_(xenoblade)	367
aila jyrkiainen, gundam	aila_jyrkiainen	365
bradamante (first ascension) (fate), fate/grand order	bradamante_(first_ascension)_(fate)	365
morte (arknights), arknights	morte_(arknights)	365
nakiri alice, shokugeki no souma	nakiri_alice	365
absinthe (arknights), arknights	absinthe_(arknights)	364
amano maya, persona	amano_maya	364
cecilia (shiro seijo to kuro bokushi), shiro seijo to kuro bokushi	cecilia_(shiro_seijo_to_kuro_bokushi)	364
durga (fate), fate/grand order	durga_(fate)	364
emma august, nijisanji	emma_august	364
mata hari (fate), fate/grand order	mata_hari_(fate)	364
scylla (azur lane), azur lane	scylla_(azur_lane)	364
fal (girls' frontline), girls' frontline	fal_(girls'_frontline)	363
gascogne (azur lane), azur lane	gascogne_(azur_lane)	363
hildr (fate), fate/grand order	hildr_(fate)	363
janus (azur lane), azur lane	janus_(azur_lane)	363
laplace (nikke), goddess of victory: nikke	laplace_(nikke)	363
leizi (arknights), arknights	leizi_(arknights)	363
mint (arknights), arknights	mint_(arknights)	363
san diego (azur lane), azur lane	san_diego_(azur_lane)	363
parvati (fate), fate/grand order	parvati_(fate)	362
tamura manami, ore no imouto ga konna ni kawaii wake ga nai	tamura_manami	362
kintoki (sakura miko), hololive	kintoki_(sakura_miko)	361
nozomi (princess connect!), princess connect!	nozomi_(princess_connect!)	361
soleil (fire emblem), fire emblem	soleil_(fire_emblem)	361
tar-21 (girls' frontline), girls' frontline	tar-21_(girls'_frontline)	361
hiiragi shinoa, owari no seraph	hiiragi_shinoa	360
skadi the corrupting heart (sublimation) (arknights), arknights	skadi_the_corrupting_heart_(sublimation)_(arknights)	359
indianapolis (azur lane), azur lane	indianapolis_(azur_lane)	358
mini nobu (fate), fate/grand order	mini_nobu_(fate)	358
android 17, dragon ball	android_17	357
destroyer (girls' frontline), girls' frontline	destroyer_(girls'_frontline)	357
dokugamine riruka, bleach	dokugamine_riruka	357
shizuka rin (1st costume), nijisanji	shizuka_rin_(1st_costume)	357
anthuria, granblue fantasy	anthuria	356
elfriend (shiranui flare), hololive	elfriend_(shiranui_flare)	355
indomitable (ms. motivationless maid) (azur lane), azur lane	indomitable_(ms._motivationless_maid)_(azur_lane)	355
pururut, neptune (series)	pururut	355
tmp (girls' frontline), girls' frontline	tmp_(girls'_frontline)	355
turn a gundam (mobile suit), gundam	turn_a_gundam_(mobile_suit)	355
artoria caster (third ascension) (fate), fate/grand order	artoria_caster_(third_ascension)_(fate)	354
okita j. souji (third ascension) (fate), fate/grand order	okita_j._souji_(third_ascension)_(fate)	354
rpk-16 (renate) (girls' frontline), girls' frontline	rpk-16_(renate)_(girls'_frontline)	354
serval landau, honkai: star rail	serval_landau	354
yuisis (granblue fantasy), granblue fantasy	yuisis_(granblue_fantasy)	354
gundou mirei, nijisanji	gundou_mirei	353
hornet (azur lane), azur lane	hornet_(azur_lane)	353
kibutsuji muzan, kimetsu no yaiba	kibutsuji_muzan	353
larva tiamat (fate), fate/grand order	larva_tiamat_(fate)	353
minamoto no raikou (swimsuit lancer) (third ascension) (fate), fate/grand order	minamoto_no_raikou_(swimsuit_lancer)_(third_ascension)_(fate)	353
stone free, jojo no kimyou na bouken	stone_free	353
fediel (granblue fantasy), granblue fantasy	fediel_(granblue_fantasy)	352
io (granblue fantasy), granblue fantasy	io_(granblue_fantasy)	352
nagato (great fox's respite) (azur lane), azur lane	nagato_(great_fox's_respite)_(azur_lane)	352
ushiwakamaru (swimsuit assassin) (first ascension) (fate), fate/grand order	ushiwakamaru_(swimsuit_assassin)_(first_ascension)_(fate)	352
gavial the invincible (arknights), arknights	gavial_the_invincible_(arknights)	351
mary read (fate), fate/grand order	mary_read_(fate)	351
metera (granblue fantasy), granblue fantasy	metera_(granblue_fantasy)	351
rurudo lion, indie virtual youtuber	rurudo_lion	351
titania (sao), sword art online	titania_(sao)	351
vritra (fate), fate/grand order	vritra_(fate)	351
nero claudius (bride) (third ascension) (fate), fate (series)	nero_claudius_(bride)_(third_ascension)_(fate)	350
popukar (arknights), arknights	popukar_(arknights)	350
sanaki kirsch altina, fire emblem	sanaki_kirsch_altina	349
jinako carigiri, fate/grand order	jinako_carigiri	348
komi shuuko, komi-san wa komyushou desu	komi_shuuko	348
marie (persona 4), persona	marie_(persona_4)	348
minneapolis (azur lane), azur lane	minneapolis_(azur_lane)	348
strelizia, darling in the franxx	strelizia	348
amemori sayo, nijisanji	amemori_sayo	347
shirogane kei, kaguya-sama wa kokurasetai ~tensai-tachi no renai zunousen~	shirogane_kei	347
guts (kill la kill), kill la kill	guts_(kill_la_kill)	346
sv-98 (girls' frontline), girls' frontline	sv-98_(girls'_frontline)	346
himiko (first ascension) (fate), fate/grand order	himiko_(first_ascension)_(fate)	345
honolulu (umbrella girl) (azur lane), azur lane	honolulu_(umbrella_girl)_(azur_lane)	345
scene (arknights), arknights	scene_(arknights)	345
bra (dragon ball), dragon ball	bra_(dragon_ball)	344
may (gundam build divers re:rise), gundam	may_(gundam_build_divers_re:rise)	344
kintsuba (shiranui flare), hololive	kintsuba_(shiranui_flare)	343
velouria (fire emblem), fire emblem	velouria_(fire_emblem)	343
dark elven forest ranger, last origin	dark_elven_forest_ranger	342
kon (bleach), bleach	kon_(bleach)	342
saruei (vtuber), indie virtual youtuber	saruei_(vtuber)	342
tamamo no mae (third ascension) (fate), fate/grand order	tamamo_no_mae_(third_ascension)_(fate)	342
ankimo (tokino sora), hololive	ankimo_(tokino_sora)	341
fuiba fuyu, gochuumon wa usagi desu ka?	fuiba_fuyu	341
kale (dragon ball), dragon ball	kale_(dragon_ball)	341
sazabi, gundam	sazabi	341
savage (arknights), arknights	savage_(arknights)	340
scholar (final fantasy), final fantasy	scholar_(final_fantasy)	340
vivid bad squad miku, project sekai	vivid_bad_squad_miku	340
vinsmoke reiju, one piece	vinsmoke_reiju	339
yang guifei (first ascension) (fate), fate/grand order	yang_guifei_(first_ascension)_(fate)	339
baltimore (after-school ace) (azur lane), azur lane	baltimore_(after-school_ace)_(azur_lane)	338
metal crab (arknights), arknights	metal_crab_(arknights)	338
chainsaw devil, chainsaw man	chainsaw_devil	336
koko (kamitsubaki studio), kamitsubaki studio	koko_(kamitsubaki_studio)	336
thief (final fantasy), final fantasy	thief_(final_fantasy)	336
guizhong (genshin impact), genshin impact	guizhong_(genshin_impact)	335
kaela kovalskia (1st costume), hololive	kaela_kovalskia_(1st_costume)	335
kira tsubasa, love live!	kira_tsubasa	335
falling devil (chainsaw man), chainsaw man	falling_devil_(chainsaw_man)	334
izmir, granblue fantasy	izmir	334
portland (azur lane), azur lane	portland_(azur_lane)	334
taira no kagekiyo (fate), fate/grand order	taira_no_kagekiyo_(fate)	334
zaku ii s char custom, gundam	zaku_ii_s_char_custom	334
zeta (summer) (granblue fantasy), granblue fantasy	zeta_(summer)_(granblue_fantasy)	334
bakugou mitsuki, boku no hero academia	bakugou_mitsuki	333
ceres fauna (jirai kei), hololive	ceres_fauna_(jirai_kei)	333
mona (pact of stars and moon) (genshin impact), genshin impact	mona_(pact_of_stars_and_moon)_(genshin_impact)	333
oikura sodachi, monogatari (series)	oikura_sodachi	333
st ar-15 (mod3) (girls' frontline), girls' frontline	st_ar-15_(mod3)_(girls'_frontline)	333
abigail williams (swimsuit foreigner) (second ascension) (fate), fate/grand order	abigail_williams_(swimsuit_foreigner)_(second_ascension)_(fate)	332
artemis (fate), fate/grand order	artemis_(fate)	332
kuon (utawarerumono), utawarerumono	kuon_(utawarerumono)	332
ushigome rimi, bang dream!	ushigome_rimi	332
ayra (fire emblem), fire emblem	ayra_(fire_emblem)	331
escha malier, atelier (series)	escha_malier	331
sakura miko (old design), hololive	sakura_miko_(old_design)	331
takao (full throttle charmer) (azur lane), azur lane	takao_(full_throttle_charmer)_(azur_lane)	331
ars almal (1st costume), nijisanji	ars_almal_(1st_costume)	330
can (honkai impact), honkai (series)	can_(honkai_impact)	330
jean (gunnhildr's legacy) (genshin impact), genshin impact	jean_(gunnhildr's_legacy)_(genshin_impact)	330
yagami kou, new game!	yagami_kou	330
nyubara reona, bang dream!	nyubara_reona	329
raiden shogun (magatsu mitake narukami no mikoto), genshin impact	raiden_shogun_(magatsu_mitake_narukami_no_mikoto)	329
shimamura charlotte, nanashi inc.	shimamura_charlotte	328
daki (kimetsu no yaiba), kimetsu no yaiba	daki_(kimetsu_no_yaiba)	326
sakura ayane, genshin impact	sakura_ayane	326
rope (arknights), arknights	rope_(arknights)	325
surtr's golem (arknights), arknights	surtr's_golem_(arknights)	325
kashimoto riko, umamusume	kashimoto_riko	323
lora (xenoblade), xenoblade chronicles (series)	lora_(xenoblade)	323
minato aqua (hololive summer 2019), hololive	minato_aqua_(hololive_summer_2019)	323
mp5 (girls' frontline), girls' frontline	mp5_(girls'_frontline)	323
mass production eva, neon genesis evangelion	mass_production_eva	322
silence suzuka (emerald on the waves) (umamusume), umamusume	silence_suzuka_(emerald_on_the_waves)_(umamusume)	322
souchou, vshojo	souchou	322
suzuka gozen (swimsuit rider) (fate), fate/grand order	suzuka_gozen_(swimsuit_rider)_(fate)	322
beatrix (ff9), final fantasy	beatrix_(ff9)	321
elizabeth bathory (second ascension) (fate), fate (series)	elizabeth_bathory_(second_ascension)_(fate)	321
rita rossweisse (umbral rose), honkai (series)	rita_rossweisse_(umbral_rose)	321
sen no rikyu (fate), fate/grand order	sen_no_rikyu_(fate)	321
astgenne (arknights), arknights	astgenne_(arknights)	320
leo/need miku, project sekai	leo/need_miku	320
originium slug (arknights), arknights	originium_slug_(arknights)	320
ribeyrolles (girls' frontline), girls' frontline	ribeyrolles_(girls'_frontline)	320
suomi (midsummer pixie) (girls' frontline), girls' frontline	suomi_(midsummer_pixie)_(girls'_frontline)	320
unicorn (long-awaited date) (azur lane), azur lane	unicorn_(long-awaited_date)_(azur_lane)	320
utsugi kotoko, danganronpa (series)	utsugi_kotoko	320
hapi (fire emblem), fire emblem	hapi_(fire_emblem)	319
pola (seaside coincidence) (azur lane), azur lane	pola_(seaside_coincidence)_(azur_lane)	319
amano nene (vtuber), production kawaii	amano_nene_(vtuber)	318
fall guy, fall guys	fall_guy	318
meteor (arknights), arknights	meteor_(arknights)	318
rain mikamura, gundam	rain_mikamura	318
tail (honkai: star rail), honkai: star rail	tail_(honkai:_star_rail)	318
wakamiya eve, bang dream!	wakamiya_eve	318
mash kyrielight (swimsuit of perpetual summer ver.02), fate/grand order	mash_kyrielight_(swimsuit_of_perpetual_summer_ver.02)	317
niyon (granblue fantasy), granblue fantasy	niyon_(granblue_fantasy)	317
penpen, neon genesis evangelion	penpen	317
serina (christmas) (blue archive), blue archive	serina_(christmas)_(blue_archive)	317
type 100 (girls' frontline), girls' frontline	type_100_(girls'_frontline)	317
cloud retainer (genshin impact), genshin impact	cloud_retainer_(genshin_impact)	316
ningguang (orchid's evening gown) (genshin impact), genshin impact	ningguang_(orchid's_evening_gown)_(genshin_impact)	316
super sass (girls' frontline), girls' frontline	super_sass_(girls'_frontline)	316
tashigi, one piece	tashigi	316
thompson (girls' frontline), girls' frontline	thompson_(girls'_frontline)	316
fu hua (shadow knight), honkai (series)	fu_hua_(shadow_knight)	315
pieck finger, shingeki no kyojin	pieck_finger	315
anila (summer) (granblue fantasy), granblue fantasy	anila_(summer)_(granblue_fantasy)	314
fu hua (valkyrie accipiter), honkai (series)	fu_hua_(valkyrie_accipiter)	314
helianthus (girls' frontline), girls' frontline	helianthus_(girls'_frontline)	314
towa monaca, danganronpa (series)	towa_monaca	314
ump45 (mod3) (girls' frontline), girls' frontline	ump45_(mod3)_(girls'_frontline)	314
sovetskaya rossiya (azur lane), azur lane	sovetskaya_rossiya_(azur_lane)	313
yoshida ryouko, machikado mazoku	yoshida_ryouko	313
nephenee (fire emblem), fire emblem	nephenee_(fire_emblem)	312
boryeon (last origin), last origin	boryeon_(last_origin)	311
lecia (granblue fantasy), granblue fantasy	lecia_(granblue_fantasy)	311
monk (final fantasy), final fantasy	monk_(final_fantasy)	311
sig mcx (girls' frontline), girls' frontline	sig_mcx_(girls'_frontline)	311
justina follower (blue archive), blue archive	justina_follower_(blue_archive)	310
charlotte pudding, one piece	charlotte_pudding	309
super-shorty (girls' frontline), girls' frontline	super-shorty_(girls'_frontline)	309
delutaya, indie virtual youtuber	delutaya	308
euryale (third ascension) (fate), fate (series)	euryale_(third_ascension)_(fate)	308
fu hua (taixuan impression), honkai (series)	fu_hua_(taixuan_impression)	308
carro pino, .live	carro_pino	307
charlotte (fire emblem), fire emblem	charlotte_(fire_emblem)	307
hakuryuu (azur lane), azur lane	hakuryuu_(azur_lane)	307
haruka karibu, vshojo	haruka_karibu	307
kokkoro (summer) (princess connect!), princess connect!	kokkoro_(summer)_(princess_connect!)	307
lust (fma), fullmetal alchemist	lust_(fma)	307
nishizono chigusa, nijisanji	nishizono_chigusa	307
orion (bear) (fate), fate/grand order	orion_(bear)_(fate)	307
shisui kiki, nanashi inc.	shisui_kiki	307
shuten douji (festival outfit) (fate), fate/grand order	shuten_douji_(festival_outfit)_(fate)	307
yamato maya, bang dream!	yamato_maya	307
mayer (arknights), arknights	mayer_(arknights)	306
project bunny, honkai (series)	project_bunny	306
fnc (girls' frontline), girls' frontline	fnc_(girls'_frontline)	305
hikigaya komachi, yahari ore no seishun lovecome wa machigatteiru.	hikigaya_komachi	305
jessie rasberry, final fantasy	jessie_rasberry	305
queen draco (second ascension) (fate), fate/grand order	queen_draco_(second_ascension)_(fate)	305
suzumi nemo, nanashi inc.	suzumi_nemo	305
theresa apocalypse (valkyrie pledge), honkai (series)	theresa_apocalypse_(valkyrie_pledge)	305
washington (azur lane), azur lane	washington_(azur_lane)	305
gundam exia, gundam	gundam_exia	304
lunch (bad) (dragon ball), dragon ball	lunch_(bad)_(dragon_ball)	304
neneka (princess connect!), princess connect!	neneka_(princess_connect!)	304
amemiya nazuna, vshojo	amemiya_nazuna	303
caren hortensia (amor caren) (second ascension), fate/grand order	caren_hortensia_(amor_caren)_(second_ascension)	303
enna alouette (1st costume), nijisanji	enna_alouette_(1st_costume)	303
fusou (azur lane), azur lane	fusou_(azur_lane)	303
iijima yun, new game!	iijima_yun	303
kawashima sapphire, hibike! euphonium	kawashima_sapphire	303
laegjarn (fire emblem), fire emblem	laegjarn_(fire_emblem)	303
tamade chiyu, bang dream!	tamade_chiyu	303
kazuno leah, love live!	kazuno_leah	302
momosuzu nene (old design), hololive	momosuzu_nene_(old_design)	302
tora (xenoblade 2), xenoblade chronicles (series)	tora_(xenoblade_2)	301
anne (shingeki no bahamut), shingeki no bahamut	anne_(shingeki_no_bahamut)	300
cindy aurum, final fantasy	cindy_aurum	300
g36c (girls' frontline), girls' frontline	g36c_(girls'_frontline)	300
ouroboros (girls' frontline), girls' frontline	ouroboros_(girls'_frontline)	300
taihou (phoenix's spring song) (azur lane), azur lane	taihou_(phoenix's_spring_song)_(azur_lane)	300
yashio rui, bang dream!	yashio_rui	300
kagamihara sakura, yurucamp	kagamihara_sakura	299
katsushika hokusai (traveling outfit) (fate), fate/grand order	katsushika_hokusai_(traveling_outfit)_(fate)	299
konori mii, toaru kagaku no railgun	konori_mii	299
regensburg (azur lane), azur lane	regensburg_(azur_lane)	299
aru (new year) (blue archive), blue archive	aru_(new_year)_(blue_archive)	298
yukizome chisa, danganronpa (series)	yukizome_chisa	298
ethel (xenoblade), xenoblade chronicles (series)	ethel_(xenoblade)	297
ibuki (azur lane), azur lane	ibuki_(azur_lane)	297
long island (azur lane), azur lane	long_island_(azur_lane)	297
martha (swimsuit ruler) (third ascension) (fate), fate/grand order	martha_(swimsuit_ruler)_(third_ascension)_(fate)	297
nana (ice climber), ice climber	nana_(ice_climber)	297
sara (granblue fantasy), granblue fantasy	sara_(granblue_fantasy)	297
saria (the law) (arknights), arknights	saria_(the_law)_(arknights)	297
atago (school traumerei) (azur lane), azur lane	atago_(school_traumerei)_(azur_lane)	296
eunectes (forgemaster) (arknights), arknights	eunectes_(forgemaster)_(arknights)	296
crusch karsten, re:zero kara hajimeru isekai seikatsu	crusch_karsten	295
ember (selen tatsuki), nijisanji	ember_(selen_tatsuki)	295
kitazawa hagumi, bang dream!	kitazawa_hagumi	295
tenochtitlan (first ascension) (fate), fate/grand order	tenochtitlan_(first_ascension)_(fate)	295
bradamante (third ascension) (fate), fate/grand order	bradamante_(third_ascension)_(fate)	294
kumacy, one piece	kumacy	294
mousse (arknights), arknights	mousse_(arknights)	294
qubeley, gundam	qubeley	294
algerie (azur lane), azur lane	algerie_(azur_lane)	293
hakase fuyuki (1st costume), nijisanji	hakase_fuyuki_(1st_costume)	293
pela (honkai: star rail), honkai: star rail	pela_(honkai:_star_rail)	293
shirakami fubuki (hololive summer 2019), hololive	shirakami_fubuki_(hololive_summer_2019)	293
yato (arknights), arknights	yato_(arknights)	293
bai (granblue fantasy), granblue fantasy	bai_(granblue_fantasy)	292
haruka (new year) (blue archive), blue archive	haruka_(new_year)_(blue_archive)	292
hootsie (nanashi mumei), hololive	hootsie_(nanashi_mumei)	292
koyanskaya (assassin) (second ascension) (fate), fate/grand order	koyanskaya_(assassin)_(second_ascension)_(fate)	292
melantha (arknights), arknights	melantha_(arknights)	292
pkp (girls' frontline), girls' frontline	pkp_(girls'_frontline)	292
relena peacecraft, gundam	relena_peacecraft	292
shiva (final fantasy), final fantasy	shiva_(final_fantasy)	292
minerva (fire emblem), fire emblem	minerva_(fire_emblem)	291
more more jump! miku, project sekai	more_more_jump!_miku	291
sideroca (light breeze) (arknights), arknights	sideroca_(light_breeze)_(arknights)	291
sumomo (blue archive), blue archive	sumomo_(blue_archive)	291
deirdre (fire emblem), fire emblem	deirdre_(fire_emblem)	290
ienaga mugi, nijisanji	ienaga_mugi	290
indigo (arknights), arknights	indigo_(arknights)	290
springfield (stirring mermaid) (girls' frontline), girls' frontline	springfield_(stirring_mermaid)_(girls'_frontline)	290
yang nari, nijisanji	yang_nari	290
arulumaya, granblue fantasy	arulumaya	289
carcano m1891 (girls' frontline), girls' frontline	carcano_m1891_(girls'_frontline)	288
cerberus (shingeki no bahamut), granblue fantasy	cerberus_(shingeki_no_bahamut)	288
delthea (fire emblem), fire emblem	delthea_(fire_emblem)	288
firis mistlud, atelier (series)	firis_mistlud	288
katou hazuki, hibike! euphonium	katou_hazuki	288
kousaka china, gundam	kousaka_china	288
nanashi mumei (new year), hololive	nanashi_mumei_(new_year)	288
shizuku (kantoku), original	shizuku_(kantoku)	288
stellar loussier, gundam	stellar_loussier	288
swiftsure (azur lane), azur lane	swiftsure_(azur_lane)	288
yui (ceremonial) (princess connect!), princess connect!	yui_(ceremonial)_(princess_connect!)	288
meyrin hawke, gundam	meyrin_hawke	287
nakaseko kaori, hibike! euphonium	nakaseko_kaori	287
ninomae ina'nis (new year), hololive	ninomae_ina'nis_(new_year)	287
raven (honkai impact), honkai (series)	raven_(honkai_impact)	287
kitakoji hisui, nijisanji	kitakoji_hisui	286
murasaki shikibu (swimsuit rider) (first ascension) (fate), fate/grand order	murasaki_shikibu_(swimsuit_rider)_(first_ascension)_(fate)	286
sessyoin kiara (swimsuit mooncancer) (first ascension), fate/grand order	sessyoin_kiara_(swimsuit_mooncancer)_(first_ascension)	286
suzuka utako, nijisanji	suzuka_utako	286
u-47 (azur lane), azur lane	u-47_(azur_lane)	286
dandelion (girls' frontline), girls' frontline	dandelion_(girls'_frontline)	285
dom (mobile suit), gundam	dom_(mobile_suit)	285
huang (granblue fantasy), granblue fantasy	huang_(granblue_fantasy)	285
i-19 (azur lane), azur lane	i-19_(azur_lane)	285
karma (nakiri ayame), hololive	karma_(nakiri_ayame)	285
nun bora, nijisanji	nun_bora	285
otogibara era, nijisanji	otogibara_era	285
tifa lockhart (cowgirl), final fantasy	tifa_lockhart_(cowgirl)	285
usada pekora (prisoner), hololive	usada_pekora_(prisoner)	285
kokoro (darling in the franxx), darling in the franxx	kokoro_(darling_in_the_franxx)	284
olivier mira armstrong, fullmetal alchemist	olivier_mira_armstrong	284
roboco-san (hoodie), hololive	roboco-san_(hoodie)	284
chinatsu (hot spring) (blue archive), blue archive	chinatsu_(hot_spring)_(blue_archive)	283
frankenstein's monster (swimsuit saber) (first ascension) (fate), fate/grand order	frankenstein's_monster_(swimsuit_saber)_(first_ascension)_(fate)	283
liliruca arde, dungeon ni deai wo motomeru no wa machigatteiru darou ka	liliruca_arde	283
miyako (princess connect!), princess connect!	miyako_(princess_connect!)	283
nah (fire emblem), fire emblem	nah_(fire_emblem)	283
shoukaku (sororal wings) (azur lane), azur lane	shoukaku_(sororal_wings)_(azur_lane)	283
zz gundam, gundam	zz_gundam	283
altera the santa (fate), fate/grand order	altera_the_santa_(fate)	282
britomart (fate), fate/grand order	britomart_(fate)	282
helena blavatsky (third ascension) (fate), fate/grand order	helena_blavatsky_(third_ascension)_(fate)	282
lute (fire emblem), fire emblem	lute_(fire_emblem)	282
u-1196, hataraku saibou	u-1196	282
white mage (fft), final fantasy	white_mage_(fft)	282
yoshizawa sumire, persona	yoshizawa_sumire	282
2p (nier:automata), nier (series)	2p_(nier:automata)	281
audrey burne, gundam	audrey_burne	281
carbuncle (final fantasy), final fantasy	carbuncle_(final_fantasy)	281
folinic (arknights), arknights	folinic_(arknights)	281
igrene (fire emblem), fire emblem	igrene_(fire_emblem)	281
kamiki mirai, gundam	kamiki_mirai	281
loki (fire emblem), fire emblem	loki_(fire_emblem)	281
sachiel (evangelion), neon genesis evangelion	sachiel_(evangelion)	281
sawatari akane (chainsaw man), chainsaw man	sawatari_akane_(chainsaw_man)	281
shiranui (nakiri ayame), hololive	shiranui_(nakiri_ayame)	281
ajax (azur lane), azur lane	ajax_(azur_lane)	280
hk416 (mod3) (girls' frontline), girls' frontline	hk416_(mod3)_(girls'_frontline)	280
hoshimachi suisei (maid), hololive	hoshimachi_suisei_(maid)	280
karulau, utawarerumono	karulau	280
futaba rio, seishun buta yarou	futaba_rio	279
haruna (new year) (blue archive), blue archive	haruna_(new_year)_(blue_archive)	279
duke of york (azur lane), azur lane	duke_of_york_(azur_lane)	278
g-spring goddess (ishiyumi), gundam	g-spring_goddess_(ishiyumi)	278
amatsuka uto, indie virtual youtuber	amatsuka_uto	277
harusaki nodoka, hololive	harusaki_nodoka	277
setsuna (fire emblem), fire emblem	setsuna_(fire_emblem)	277
yggdrasil (granblue fantasy), granblue fantasy	yggdrasil_(granblue_fantasy)	277
aoyama blue mountain, gochuumon wa usagi desu ka?	aoyama_blue_mountain	276
dogoo, neptune (series)	dogoo	276
hoshimiya mukuro, date a live	hoshimiya_mukuro	276
kurumi (kantoku), original	kurumi_(kantoku)	276
rebecca (one piece), one piece	rebecca_(one_piece)	276
zooey (summer) (granblue fantasy), granblue fantasy	zooey_(summer)_(granblue_fantasy)	276
cicin mage (genshin impact), genshin impact	cicin_mage_(genshin_impact)	275
hebiyoi tier, nanashi inc.	hebiyoi_tier	275
hoshimachi suisei (shout in crisis), hololive	hoshimachi_suisei_(shout_in_crisis)	275
minami kotori (bird), love live!	minami_kotori_(bird)	275
rogue titan, shingeki no kyojin	rogue_titan	275
shirogane noel (dirndl), hololive	shirogane_noel_(dirndl)	275
torgal (ff16), final fantasy	torgal_(ff16)	275
kiyohime (swimsuit lancer) (third ascension) (fate), fate/grand order	kiyohime_(swimsuit_lancer)_(third_ascension)_(fate)	273
mitarashi anko, naruto (series)	mitarashi_anko	273
oda nobunaga (swimsuit berserker) (second ascension) (fate), fate/grand order	oda_nobunaga_(swimsuit_berserker)_(second_ascension)_(fate)	273
aiba uiha, nijisanji	aiba_uiha	272
bagpipe (queen no. 1) (arknights), arknights	bagpipe_(queen_no._1)_(arknights)	272
camieux, granblue fantasy	camieux	272
fumino tamaki, nijisanji	fumino_tamaki	272
gundam barbatos, gundam	gundam_barbatos	272
izayoi miku, date a live	izayoi_miku	272
poppi alpha (xenoblade), xenoblade chronicles (series)	poppi_alpha_(xenoblade)	272
hoto mocha, gochuumon wa usagi desu ka?	hoto_mocha	271
kujo holy, jojo no kimyou na bouken	kujo_holy	271
lakshmibai (fate), fate/grand order	lakshmibai_(fate)	271
lucie (millie parfait), nijisanji	lucie_(millie_parfait)	271
four murasame, gundam	four_murasame	270
irisu fuyumi, hyouka	irisu_fuyumi	270
kakyouin chieri, .live	kakyouin_chieri	270
kotoka torahime, nijisanji	kotoka_torahime	270
honolulu (summer accident?!) (azur lane), azur lane	honolulu_(summer_accident?!)_(azur_lane)	269
manuela casagranda, fire emblem	manuela_casagranda	269
rhea (summer) (fire emblem), fire emblem	rhea_(summer)_(fire_emblem)	269
saiga-12 (girls' frontline), girls' frontline	saiga-12_(girls'_frontline)	269
yorumi rena (1st costume), nijisanji	yorumi_rena_(1st_costume)	269
shirogane noel (school uniform), hololive	shirogane_noel_(school_uniform)	268
sims (azur lane), azur lane	sims_(azur_lane)	268
timido cute, honkai (series)	timido_cute	268
hots (gundam suisei no majo), gundam	hots_(gundam_suisei_no_majo)	267
irisviel von einzbern (caster), fate/grand order	irisviel_von_einzbern_(caster)	267
ilyana (fire emblem), fire emblem	ilyana_(fire_emblem)	266
scathacha (granblue fantasy), granblue fantasy	scathacha_(granblue_fantasy)	266
serafall leviathan, high school dxd	serafall_leviathan	266
yui (sao-alo), sword art online	yui_(sao-alo)	266
akabane youko, nijisanji	akabane_youko	265
hk416 (starry cocoon) (girls' frontline), girls' frontline	hk416_(starry_cocoon)_(girls'_frontline)	265
illyasviel von einzbern (swimsuit archer) (second ascension), fate/grand order	illyasviel_von_einzbern_(swimsuit_archer)_(second_ascension)	265
miriel (fire emblem), fire emblem	miriel_(fire_emblem)	265
stg44 (girls' frontline), girls' frontline	stg44_(girls'_frontline)	265
warrior (final fantasy), final fantasy	warrior_(final_fantasy)	265
yatagarasu (tsukumo sana), hololive	yatagarasu_(tsukumo_sana)	265
gine, dragon ball	gine	264
intrepid (azur lane), azur lane	intrepid_(azur_lane)	264
mash kyrielight (senpai killer outfit), fate/grand order	mash_kyrielight_(senpai_killer_outfit)	264
may of doom, last origin	may_of_doom	264
payila (granblue fantasy), granblue fantasy	payila_(granblue_fantasy)	264
persicaria (neural cloud), girls' frontline	persicaria_(neural_cloud)	264
rei (princess connect!), princess connect!	rei_(princess_connect!)	264
snowsant (arknights), arknights	snowsant_(arknights)	264
aia amare, nijisanji	aia_amare	263
allenby beardsley, g gundam	allenby_beardsley	263
finana ryugu (1st costume), nijisanji	finana_ryugu_(1st_costume)	263
hilda valentine goneril (summer), fire emblem	hilda_valentine_goneril_(summer)	263
margaret (persona), persona	margaret_(persona)	263
mk23 (girls' frontline), girls' frontline	mk23_(girls'_frontline)	263
senju muramasa, eromanga sensei	senju_muramasa	263
sumeragi kaguya, code geass	sumeragi_kaguya	263
tachibana himeko, k-on!	tachibana_himeko	263
caenis (swimsuit rider) (fate), fate/grand order	caenis_(swimsuit_rider)_(fate)	262
jaguarman (fate), fate/grand order	jaguarman_(fate)	262
linde (fire emblem), fire emblem	linde_(fire_emblem)	262
platinum (shimmering dew) (arknights), arknights	platinum_(shimmering_dew)_(arknights)	262
raynare, high school dxd	raynare	262
rebecca bluegarden, eden's zero	rebecca_bluegarden	262
caroline (persona 5), persona	caroline_(persona_5)	261
hikasa tomoshika, voms	hikasa_tomoshika	261
illustrious (morning star of love and hope) (azur lane), azur lane	illustrious_(morning_star_of_love_and_hope)_(azur_lane)	261
marlene wallace, final fantasy	marlene_wallace	261
miwa kasumi, jujutsu kaisen	miwa_kasumi	261
prishe, final fantasy	prishe	261
entoma vasilissa zeta, overlord (maruyama)	entoma_vasilissa_zeta	260
murata himeko (vermillion knight), honkai (series)	murata_himeko_(vermillion_knight)	260
rodney (azur lane), azur lane	rodney_(azur_lane)	260
emma sheen, gundam	emma_sheen	259
melusine (first ascension) (fate), fate/grand order	melusine_(first_ascension)_(fate)	259
osakabehime (swimsuit archer) (fate), fate/grand order	osakabehime_(swimsuit_archer)_(fate)	259
aida rayhunton, gundam	aida_rayhunton	258
horaki hikari, neon genesis evangelion	horaki_hikari	258
oura rukako, nanashi inc.	oura_rukako	258
rosemi lovelock (1st costume), nijisanji	rosemi_lovelock_(1st_costume)	258
guncannon, gundam	guncannon	257
m4 sopmod ii jr, girls' frontline	m4_sopmod_ii_jr	257
makishima saori, ore no imouto ga konna ni kawaii wake ga nai	makishima_saori	257
quistis trepe, final fantasy	quistis_trepe	257
yozora mel (2nd costume), hololive	yozora_mel_(2nd_costume)	257
fumi (nijisanji), nijisanji	fumi_(nijisanji)	256
mimi houllier von schwarzlang, atelier (series)	mimi_houllier_von_schwarzlang	256
mito (sao), sword art online	mito_(sao)	256
plachta, atelier (series)	plachta	256
shirakami fubuki (new year), hololive	shirakami_fubuki_(new_year)	256
trung trac (fate), fate/grand order	trung_trac_(fate)	256
yorktown ii (azur lane), azur lane	yorktown_ii_(azur_lane)	256
albacore (azur lane), azur lane	albacore_(azur_lane)	255
christina (princess connect!), princess connect!	christina_(princess_connect!)	255
elven forest maker, last origin	elven_forest_maker	255
fang (arknights), arknights	fang_(arknights)	255
minamoto no raikou (swimsuit lancer) (second ascension) (fate), fate/grand order	minamoto_no_raikou_(swimsuit_lancer)_(second_ascension)_(fate)	255
alabama (azur lane), azur lane	alabama_(azur_lane)	254
ibaraki douji (swimsuit lancer) (first ascension) (fate), fate/grand order	ibaraki_douji_(swimsuit_lancer)_(first_ascension)_(fate)	254
indra (arknights), arknights	indra_(arknights)	254
lobo (fate), fate/grand order	lobo_(fate)	254
shining (silent night) (arknights), arknights	shining_(silent_night)_(arknights)	254
thancred waters, final fantasy	thancred_waters	254
anosillus ii, gridman universe	anosillus_ii	253
ceobe (unfettered) (arknights), arknights	ceobe_(unfettered)_(arknights)	253
ibuki maya, neon genesis evangelion	ibuki_maya	253
merurulince rede arls, atelier (series)	merurulince_rede_arls	253
petra ral, shingeki no kyojin	petra_ral	253
projekt red (light breeze) (arknights), arknights	projekt_red_(light_breeze)_(arknights)	253
satyr (granblue fantasy), granblue fantasy	satyr_(granblue_fantasy)	253
serra (fire emblem), fire emblem	serra_(fire_emblem)	253
shimizu kiyoko, haikyuu!!	shimizu_kiyoko	253
yamai kaguya, date a live	yamai_kaguya	253
ameth (princess connect!), princess connect!	ameth_(princess_connect!)	252
artemis of the blue, atelier live	artemis_of_the_blue	252
cherche (fire emblem), fire emblem	cherche_(fire_emblem)	252
cucouroux (granblue fantasy), granblue fantasy	cucouroux_(granblue_fantasy)	252
gouf, gundam	gouf	252
piyoko (uruha rushia), hololive	piyoko_(uruha_rushia)	252
wamdus (granblue fantasy), granblue fantasy	wamdus_(granblue_fantasy)	252
histoire, neptune (series)	histoire	251
labrys (persona), persona	labrys_(persona)	251
quess paraya, gundam	quess_paraya	251
theresa apocalypse (luna kindred), honkai (series)	theresa_apocalypse_(luna_kindred)	251
tien (granblue fantasy), granblue fantasy	tien_(granblue_fantasy)	251
viper (toxic rabbit) (nikke), goddess of victory: nikke	viper_(toxic_rabbit)_(nikke)	251
hirume of heavenly incense, last origin	hirume_of_heavenly_incense	250
kanzaki aoi (kimetsu no yaiba), kimetsu no yaiba	kanzaki_aoi_(kimetsu_no_yaiba)	250
littorio (azur lane), azur lane	littorio_(azur_lane)	250
moira (nijisanji), nijisanji	moira_(nijisanji)	250
forte (shingeki no bahamut), granblue fantasy	forte_(shingeki_no_bahamut)	249
mg5 (girls' frontline), girls' frontline	mg5_(girls'_frontline)	249
catherine (fire emblem), fire emblem	catherine_(fire_emblem)	248
demon pillar (fate), fate/grand order	demon_pillar_(fate)	248
fir (fire emblem), fire emblem	fir_(fire_emblem)	248
jing ke (fate), fate/grand order	jing_ke_(fate)	248
justine (persona 5), persona	justine_(persona_5)	248
machi komacine, hunter x hunter	machi_komacine	248
mito ikumi, shokugeki no souma	mito_ikumi	248
shadow (nerissa ravencroft), hololive	shadow_(nerissa_ravencroft)	248
utage (disguise) (arknights), arknights	utage_(disguise)_(arknights)	248
yang guifei (third ascension) (fate), fate/grand order	yang_guifei_(third_ascension)_(fate)	248
yuuhi kurenai, naruto (series)	yuuhi_kurenai	248
andreana (arknights), arknights	andreana_(arknights)	247
ebi frion (natsuiro matsuri), hololive	ebi_frion_(natsuiro_matsuri)	247
gridman (ssss), gridman universe	gridman_(ssss)	247
heavyrain (arknights), arknights	heavyrain_(arknights)	247
trung nhi (fate), fate/grand order	trung_nhi_(fate)	247
kotetsu isane, bleach	kotetsu_isane	246
l'arachel (fire emblem), fire emblem	l'arachel_(fire_emblem)	246
lava the purgatory (arknights), arknights	lava_the_purgatory_(arknights)	246
persica (girls' frontline), girls' frontline	persica_(girls'_frontline)	246
yamai yuzuru, date a live	yamai_yuzuru	246
cecilia schariac, honkai (series)	cecilia_schariac	245
dianna soreil, gundam	dianna_soreil	245
martha (swimsuit ruler) (second ascension) (fate), fate/grand order	martha_(swimsuit_ruler)_(second_ascension)_(fate)	245
peri (fire emblem), fire emblem	peri_(fire_emblem)	245
pholia, granblue fantasy	pholia	245
ultima (fft), final fantasy	ultima_(fft)	245
kiyama harumi, toaru kagaku no railgun	kiyama_harumi	244
li sushang (jade knight), honkai (series)	li_sushang_(jade_knight)	244
sage (granblue fantasy), granblue fantasy	sage_(granblue_fantasy)	244
selena (fire emblem fates), fire emblem	selena_(fire_emblem_fates)	244
c-ms (girls' frontline), girls' frontline	c-ms_(girls'_frontline)	243
kenmochi touko, nijisanji	kenmochi_touko	243
marianne von edmund (summer), fire emblem	marianne_von_edmund_(summer)	243
sr-3mp (girls' frontline), girls' frontline	sr-3mp_(girls'_frontline)	243
yaezawa natori, .live	yaezawa_natori	243
august von parseval (the conquered unhulde) (azur lane), azur lane	august_von_parseval_(the_conquered_unhulde)_(azur_lane)	242
hoshiguma (ronin huntress) (arknights), arknights	hoshiguma_(ronin_huntress)_(arknights)	242
ibuki douji (swimsuit berserker) (first ascension) (fate), fate/grand order	ibuki_douji_(swimsuit_berserker)_(first_ascension)_(fate)	242
murasaki shion (hololive summer 2019), hololive	murasaki_shion_(hololive_summer_2019)	242
raiden mei (valkyrie bladestrike), honkai (series)	raiden_mei_(valkyrie_bladestrike)	242
roberta (arknights), arknights	roberta_(arknights)	242
serika (new year) (blue archive), blue archive	serika_(new_year)_(blue_archive)	242
ai-chan (honkai impact), honkai (series)	ai-chan_(honkai_impact)	241
lrl (last origin), last origin	lrl_(last_origin)	241
wu zetian (swimsuit caster) (fate), fate/grand order	wu_zetian_(swimsuit_caster)_(fate)	241
destiny gundam, gundam	destiny_gundam	240
hyuuga hanabi, naruto (series)	hyuuga_hanabi	240
kama (swimsuit avenger) (first ascension) (fate), fate/grand order	kama_(swimsuit_avenger)_(first_ascension)_(fate)	240
kouzuki hiyori, one piece	kouzuki_hiyori	240
murrue ramius, gundam	murrue_ramius	240
dromarch (xenoblade), xenoblade chronicles (series)	dromarch_(xenoblade)	239
frederica baumann, re:zero kara hajimeru isekai seikatsu	frederica_baumann	239
louise halevy, gundam	louise_halevy	239
meruru (oreimo), hoshikuzu witch meruru	meruru_(oreimo)	239
miyamoto musashi (swimsuit berserker) (first ascension) (fate), fate/grand order	miyamoto_musashi_(swimsuit_berserker)_(first_ascension)_(fate)	239
debi tarou, idolmaster	debi_tarou	238
illustrious (maiden lily's radiance) (azur lane), azur lane	illustrious_(maiden_lily's_radiance)_(azur_lane)	238
razia, granblue fantasy	razia	238
compa, neptune (series)	compa	237
ereshkigal (third ascension) (fate), fate/grand order	ereshkigal_(third_ascension)_(fate)	237
eris (konosuba), kono subarashii sekai ni shukufuku wo!	eris_(konosuba)	237
gonzalez (machita chima), nijisanji	gonzalez_(machita_chima)	237
karin (naruto), naruto (series)	karin_(naruto)	237
kiana kaslana (knight moonbeam), honkai (series)	kiana_kaslana_(knight_moonbeam)	237
raiden mei (striker fulminata), honkai (series)	raiden_mei_(striker_fulminata)	236
azki (3rd costume) (hololive), hololive	azki_(3rd_costume)_(hololive)	235
cuilein-anbar (genshin impact), genshin impact	cuilein-anbar_(genshin_impact)	235
formidable (timeless classics) (azur lane), azur lane	formidable_(timeless_classics)_(azur_lane)	235
orange heart (neptunia), neptune (series)	orange_heart_(neptunia)	235
rino (princess connect!), princess connect!	rino_(princess_connect!)	235
titania (fire emblem), fire emblem	titania_(fire_emblem)	235
calamity jane (fate), fate/grand order	calamity_jane_(fate)	234
kama (swimsuit avenger) (second ascension) (fate), fate/grand order	kama_(swimsuit_avenger)_(second_ascension)_(fate)	234
kurusu natsume, nijisanji	kurusu_natsume	234
lunch (good) (dragon ball), dragon ball	lunch_(good)_(dragon_ball)	234
narberal gamma, overlord (maruyama)	narberal_gamma	234
richelieu (fleuron of the waves) (azur lane), azur lane	richelieu_(fleuron_of_the_waves)_(azur_lane)	234
samurai (final fantasy), final fantasy	samurai_(final_fantasy)	234
le temeraire (azur lane), azur lane	le_temeraire_(azur_lane)	233
mariah (jojo), jojo no kimyou na bouken	mariah_(jojo)	233
amane kanata (another world), hololive	amane_kanata_(another_world)	232
bronya zaychik (wolf's dawn), honkai (series)	bronya_zaychik_(wolf's_dawn)	232
fujimaru ritsuka (female) (royal brand), fate/grand order	fujimaru_ritsuka_(female)_(royal_brand)	232
hanazuki (azur lane), azur lane	hanazuki_(azur_lane)	232
hermione (azur lane), azur lane	hermione_(azur_lane)	232
maho (princess connect!), princess connect!	maho_(princess_connect!)	232
misato (princess connect!), princess connect!	misato_(princess_connect!)	232
noire (fire emblem), fire emblem	noire_(fire_emblem)	232
poi (last origin), last origin	poi_(last_origin)	232
tayuya (naruto), naruto (series)	tayuya_(naruto)	232
asbestos (arknights), arknights	asbestos_(arknights)	231
atra mixta, gundam	atra_mixta	231
durin (arknights), arknights	durin_(arknights)	231
gunnthra (fire emblem), fire emblem	gunnthra_(fire_emblem)	231
hydaelyn, final fantasy	hydaelyn	231
io (princess connect!), princess connect!	io_(princess_connect!)	231
lisbeth (sao-alo), sword art online	lisbeth_(sao-alo)	231
mashiro (swimsuit) (blue archive), blue archive	mashiro_(swimsuit)_(blue_archive)	231
castor (fate), fate/grand order	castor_(fate)	230
commander (nier:automata), nier (series)	commander_(nier:automata)	230
f91 gundam, gundam	f91_gundam	230
firewatch (arknights), arknights	firewatch_(arknights)	230
kamishiro rize, tokyo ghoul	kamishiro_rize	230
marth (fire emblem awakening), fire emblem	marth_(fire_emblem_awakening)	230
emden (azur lane), azur lane	emden_(azur_lane)	229
florence nightingale (third ascension) (fate), fate (series)	florence_nightingale_(third_ascension)_(fate)	229
fujimaru ritsuka (female) (tropical summer), fate/grand order	fujimaru_ritsuka_(female)_(tropical_summer)	229
ingrid brandl galatea (summer), fire emblem	ingrid_brandl_galatea_(summer)	229
kagura nana, indie virtual youtuber	kagura_nana	229
lunalu (granblue fantasy), granblue fantasy	lunalu_(granblue_fantasy)	229
reaper (final fantasy), final fantasy	reaper_(final_fantasy)	229
sakura nene, new game!	sakura_nene	229
asukagawa chise, gridman universe	asukagawa_chise	228
cuora (arknights), arknights	cuora_(arknights)	228
god gundam, gundam	god_gundam	228
lahmu (fate), fate/grand order	lahmu_(fate)	228
eir (fire emblem), fire emblem	eir_(fire_emblem)	227
hanae (christmas) (blue archive), blue archive	hanae_(christmas)_(blue_archive)	227
hayami saori, spy x family	hayami_saori	227
nyx (fire emblem), fire emblem	nyx_(fire_emblem)	227
orchis, granblue fantasy	orchis	227
shinano (dreams of the hazy moon) (azur lane), azur lane	shinano_(dreams_of_the_hazy_moon)_(azur_lane)	227
shirayuki (arknights), arknights	shirayuki_(arknights)	227
brigid (fire emblem), fire emblem	brigid_(fire_emblem)	226
elma (xenoblade x), xenoblade chronicles (series)	elma_(xenoblade_x)	226
hachiko of castling, last origin	hachiko_of_castling	226
mae (fire emblem), fire emblem	mae_(fire_emblem)	226
sumia (fire emblem), fire emblem	sumia_(fire_emblem)	226
yae sakura (flame sakitama), honkai (series)	yae_sakura_(flame_sakitama)	226
alchemist (girls' frontline), girls' frontline	alchemist_(girls'_frontline)	225
bb (bb shot!) (fate), fate/grand order	bb_(bb_shot!)_(fate)	225
hiei (azur lane), azur lane	hiei_(azur_lane)	225
nakahara mizuki, lycoris recoil	nakahara_mizuki	225
oerba dia vanille, final fantasy	oerba_dia_vanille	225
prinz rupprecht (azur lane), azur lane	prinz_rupprecht_(azur_lane)	225
reunion soldier (arknights), arknights	reunion_soldier_(arknights)	225
shinano (moonlit chrome) (azur lane), azur lane	shinano_(moonlit_chrome)_(azur_lane)	225
tailtiu (fire emblem), fire emblem	tailtiu_(fire_emblem)	225
ericht samaya, gundam	ericht_samaya	224
mym (dragalia lost), dragalia lost	mym_(dragalia_lost)	224
oribe tsubasa, fire emblem	oribe_tsubasa	224
puni (atelier), atelier (series)	puni_(atelier)	224
dreamer (girls' frontline), girls' frontline	dreamer_(girls'_frontline)	223
mimori (swimsuit) (blue archive), blue archive	mimori_(swimsuit)_(blue_archive)	223
ravel phenex, high school dxd	ravel_phenex	223
kaniko (tsukumo sana), hololive	kaniko_(tsukumo_sana)	222
night angel (last origin), last origin	night_angel_(last_origin)	222
quinella, sword art online	quinella	222
00 gundam, gundam	00_gundam	221
faye (fire emblem), fire emblem	faye_(fire_emblem)	221
monet (one piece), one piece	monet_(one_piece)	221
rita rossweisse (fallen rosemary), honkai (series)	rita_rossweisse_(fallen_rosemary)	221
touka (utawarerumono), utawarerumono	touka_(utawarerumono)	221
ayame (gundam build divers), gundam	ayame_(gundam_build_divers)	220
bremerton (day-off date) (azur lane), azur lane	bremerton_(day-off_date)_(azur_lane)	220
miku (darling in the franxx), darling in the franxx	miku_(darling_in_the_franxx)	220
shinoda hajime, new game!	shinoda_hajime	220
zen'in mai, jujutsu kaisen	zen'in_mai	220
amiya (newsgirl) (arknights), arknights	amiya_(newsgirl)_(arknights)	219
bremerton (relaxation consultation) (azur lane), azur lane	bremerton_(relaxation_consultation)_(azur_lane)	219
fuuka (new year) (blue archive), blue archive	fuuka_(new_year)_(blue_archive)	219
okita souji alter (swimsuit saber) (fate), fate/grand order	okita_souji_alter_(swimsuit_saber)_(fate)	219
surcouf (azur lane), azur lane	surcouf_(azur_lane)	219
plumeria (fire emblem), fire emblem	plumeria_(fire_emblem)	218
maple (bofuri), itai no wa iya nano de bougyoryoku ni kyokufuri shitai to omoimasu	maple_(bofuri)	217
mori calliope (new year), hololive	mori_calliope_(new_year)	217
smol mumei, hololive	smol_mumei	217
yukinoshita haruno, yahari ore no seishun lovecome wa machigatteiru.	yukinoshita_haruno	217
female commander (azur lane), azur lane	female_commander_(azur_lane)	216
hatsuse izuna, no game no life	hatsuse_izuna	216
metis (persona), persona	metis_(persona)	216
naraka (nijisanji), nijisanji	naraka_(nijisanji)	216
akari (princess connect!), princess connect!	akari_(princess_connect!)	215
baltimore (black ace) (azur lane), azur lane	baltimore_(black_ace)_(azur_lane)	215
bitey (arknights), arknights	bitey_(arknights)	215
katsushika hokusai (third ascension) (fate), fate/grand order	katsushika_hokusai_(third_ascension)_(fate)	215
mari (swimsuit) (blue archive), blue archive	mari_(swimsuit)_(blue_archive)	215
mononobe alice (1st costume), nijisanji	mononobe_alice_(1st_costume)	215
suzuya (azur lane), azur lane	suzuya_(azur_lane)	215
aug (girls' frontline), girls' frontline	aug_(girls'_frontline)	214
est (fire emblem), fire emblem	est_(fire_emblem)	214
glorious (azur lane), azur lane	glorious_(azur_lane)	214
k11 (girls' frontline), girls' frontline	k11_(girls'_frontline)	214
kampfer (mobile suit), gundam	kampfer_(mobile_suit)	214
leila malcal, code geass	leila_malcal	214
matsurisu, hololive	matsurisu	214
uzaki yanagi, uzaki-chan wa asobitai!	uzaki_yanagi	214
yat sen (azur lane), azur lane	yat_sen_(azur_lane)	214
cecilia (fire emblem), fire emblem	cecilia_(fire_emblem)	213
little cocon (umamusume), umamusume	little_cocon_(umamusume)	213
oinomori may, nanashi inc.	oinomori_may	213
smol gura, hololive	smol_gura	213
strike freedom gundam, gundam	strike_freedom_gundam	213
tiffa adill, gundam	tiffa_adill	213
yamato iori, .live	yamato_iori	213
dorothea arnault (summer), fire emblem	dorothea_arnault_(summer)	212
hiryuu (azur lane), azur lane	hiryuu_(azur_lane)	212
space ishtar (second ascension) (fate), fate/grand order	space_ishtar_(second_ascension)_(fate)	212
susannah manatt, honkai (series)	susannah_manatt	212
ushimi ichigo, nijisanji	ushimi_ichigo	212
april (arknights), arknights	april_(arknights)	211
g28 (girls' frontline), girls' frontline	g28_(girls'_frontline)	211
kii-kun (agnes tachyon) (umamusume), umamusume	kii-kun_(agnes_tachyon)_(umamusume)	211
kumano (azur lane), azur lane	kumano_(azur_lane)	211
mutsu (azur lane), azur lane	mutsu_(azur_lane)	211
nicola (granblue fantasy), granblue fantasy	nicola_(granblue_fantasy)	211
elena (ff7), final fantasy	elena_(ff7)	210
gneisenau (azur lane), azur lane	gneisenau_(azur_lane)	210
monk (fft), final fantasy	monk_(fft)	210
ak-12 (quiet azure) (girls' frontline), girls' frontline	ak-12_(quiet_azure)_(girls'_frontline)	209
cupitan (granblue fantasy), granblue fantasy	cupitan_(granblue_fantasy)	209
flint (arknights), arknights	flint_(arknights)	209
idunn (fire emblem), fire emblem	idunn_(fire_emblem)	209
m37 (girls' frontline), girls' frontline	m37_(girls'_frontline)	209
yukihana lamy (new year), hololive	yukihana_lamy_(new_year)	209
contender (girls' frontline), girls' frontline	contender_(girls'_frontline)	208
jeanne d'arc (summer) (granblue fantasy), granblue fantasy	jeanne_d'arc_(summer)_(granblue_fantasy)	208
nitocris (third ascension) (fate), fate/grand order	nitocris_(third_ascension)_(fate)	208
hongryeon (last origin), last origin	hongryeon_(last_origin)	207
m4 sopmod ii (mod3) (girls' frontline), girls' frontline	m4_sopmod_ii_(mod3)_(girls'_frontline)	207
skorpion (girls' frontline), girls' frontline	skorpion_(girls'_frontline)	207
yonah, nier (series)	yonah	207
aegir (golden dragon among auspicious clouds) (azur lane), azur lane	aegir_(golden_dragon_among_auspicious_clouds)_(azur_lane)	206
aura bella fiora, overlord (maruyama)	aura_bella_fiora	206
jitomi monoe, voms	jitomi_monoe	206
mika melatika, nijisanji	mika_melatika	206
nanna (fire emblem), fire emblem	nanna_(fire_emblem)	206
noumu (boku no hero academia), boku no hero academia	noumu_(boku_no_hero_academia)	206
sekhmet of death, last origin	sekhmet_of_death	206
usaslug (tsukumo sana), hololive	usaslug_(tsukumo_sana)	206
ash (fire emblem), fire emblem	ash_(fire_emblem)	205
elira pendora (2nd costume), nijisanji	elira_pendora_(2nd_costume)	205
hibiscus the purifier (arknights), arknights	hibiscus_the_purifier_(arknights)	205
inui shinju, sono bisque doll wa koi wo suru	inui_shinju	205
kongou mitsuko, toaru kagaku no railgun	kongou_mitsuko	205
luis cammy, nijisanji	luis_cammy	205
prospera mercury, gundam	prospera_mercury	205
colorado (azur lane), azur lane	colorado_(azur_lane)	204
devola, nier (series)	devola	204
lucy steel, jojo no kimyou na bouken	lucy_steel	204
massachusetts (dressed to impress) (azur lane), azur lane	massachusetts_(dressed_to_impress)_(azur_lane)	204
raiden mei (lightning empress), honkai (series)	raiden_mei_(lightning_empress)	204
summoner (final fantasy), final fantasy	summoner_(final_fantasy)	204
theodore (persona), persona	theodore_(persona)	204
tokino sora (casual), hololive	tokino_sora_(casual)	204
ganesha (fate), fate/grand order	ganesha_(fate)	203
kamisato ayaka (heytea), genshin impact	kamisato_ayaka_(heytea)	203
kirin r yato (arknights), arknights	kirin_r_yato_(arknights)	203
lachesis (fire emblem), fire emblem	lachesis_(fire_emblem)	203
rurudo lion (1st costume), indie virtual youtuber	rurudo_lion_(1st_costume)	203
ashlock (arknights), arknights	ashlock_(arknights)	202
izumi (swimsuit) (blue archive), blue archive	izumi_(swimsuit)_(blue_archive)	202
lwmmg (girls' frontline), girls' frontline	lwmmg_(girls'_frontline)	202
murata himeko (battle storm), honkai (series)	murata_himeko_(battle_storm)	202
yae kasumi, honkai (series)	yae_kasumi	202
charybdis (azur lane), azur lane	charybdis_(azur_lane)	201
christina sierra, gundam	christina_sierra	201
lupusregina beta, overlord (maruyama)	lupusregina_beta	201
ppsh-41 (girls' frontline), girls' frontline	ppsh-41_(girls'_frontline)	201
akame (akame ga kill!), akame ga kill!	akame_(akame_ga_kill!)	200
beanstalk (gift uncompleted) (arknights), arknights	beanstalk_(gift_uncompleted)_(arknights)	200
cheshire (summery date!) (azur lane), azur lane	cheshire_(summery_date!)_(azur_lane)	200
enterprise (wind catcher) (azur lane), azur lane	enterprise_(wind_catcher)_(azur_lane)	200
lisa silverman, persona	lisa_silverman	200
machine (nier), nier:automata	machine_(nier)	200
nora cat, nora cat channel	nora_cat	200
ump45 (agent lop rabbit) (girls' frontline), girls' frontline	ump45_(agent_lop_rabbit)_(girls'_frontline)	200
zeong, gundam	zeong	200
ayesha altugle, atelier (series)	ayesha_altugle	199
hina (genshin impact), genshin impact	hina_(genshin_impact)	199
lincoro, indie virtual youtuber	lincoro	199
marie antoinette (third ascension) (fate), fate/grand order	marie_antoinette_(third_ascension)_(fate)	199
roboco-san (1st costume), hololive	roboco-san_(1st_costume)	199
sakamata chloe (new year), hololive	sakamata_chloe_(new_year)	199
cynthia (fire emblem), fire emblem	cynthia_(fire_emblem)	198
g-self, gundam	g-self	198
kihel heim, gundam	kihel_heim	198
lilith (fire emblem), fire emblem	lilith_(fire_emblem)	198
mankanshoku sukuyo, kill la kill	mankanshoku_sukuyo	198
perrault (last origin), last origin	perrault_(last_origin)	198
popola, nier (series)	popola	198
terakomari gandezblood, hikikomari kyuuketsuki no monmon	terakomari_gandezblood	198
camyu, utawarerumono	camyu	197
dsr-50 (highest bid) (girls' frontline), girls' frontline	dsr-50_(highest_bid)_(girls'_frontline)	197
duca degli abruzzi (azur lane), azur lane	duca_degli_abruzzi_(azur_lane)	197
freedom gundam, gundam	freedom_gundam	197
geronimo (fate), fate/grand order	geronimo_(fate)	197
m1 garand (girls' frontline), girls' frontline	m1_garand_(girls'_frontline)	197
makoto (summer) (princess connect!), princess connect!	makoto_(summer)_(princess_connect!)	197
mandragora (arknights), arknights	mandragora_(arknights)	197
montpelier (azur lane), azur lane	montpelier_(azur_lane)	197
owain (fire emblem), fire emblem	owain_(fire_emblem)	197
amemiya nazuna (1st costume), vshojo	amemiya_nazuna_(1st_costume)	196
aoi (princess connect!), princess connect!	aoi_(princess_connect!)	196
aquila (azur lane), azur lane	aquila_(azur_lane)	196
click (arknights), arknights	click_(arknights)	196
fraux, granblue fantasy	fraux	196
m590 (girls' frontline), girls' frontline	m590_(girls'_frontline)	196
minato aqua (aqua iro super dream), hololive	minato_aqua_(aqua_iro_super_dream)	196
na'el (xenoblade), xenoblade chronicles (series)	na'el_(xenoblade)	196
yuzuki roa (1st costume), nijisanji	yuzuki_roa_(1st_costume)	196
zuikaku (the wind's true name) (azur lane), azur lane	zuikaku_(the_wind's_true_name)_(azur_lane)	196
beruka (fire emblem), fire emblem	beruka_(fire_emblem)	195
fubuki (azur lane), azur lane	fubuki_(azur_lane)	195
g3 (girls' frontline), girls' frontline	g3_(girls'_frontline)	195
kongou (azur lane), azur lane	kongou_(azur_lane)	195
prinz eugen (cordial cornflower) (azur lane), azur lane	prinz_eugen_(cordial_cornflower)_(azur_lane)	195
sakura ritsuki, nijisanji	sakura_ritsuki	195
scarecrow (girls' frontline), girls' frontline	scarecrow_(girls'_frontline)	195
shiromiya mimi, animare	shiromiya_mimi	195
akuta hinako, fate/grand order	akuta_hinako	194
brest (azur lane), azur lane	brest_(azur_lane)	194
choukai (azur lane), azur lane	choukai_(azur_lane)	194
felsi rollo, gundam	felsi_rollo	194
fujimaru ritsuka (female) (chaldea combat uniform), fate/grand order	fujimaru_ritsuka_(female)_(chaldea_combat_uniform)	194
hi-nu gundam, gundam	hi-nu_gundam	194
implacable (shepherd of the "lost") (azur lane), azur lane	implacable_(shepherd_of_the_"lost")_(azur_lane)	194
kronshtadt (azur lane), azur lane	kronshtadt_(azur_lane)	194
marisa (fire emblem), fire emblem	marisa_(fire_emblem)	194
nakiri ayame (hololive summer 2019), hololive	nakiri_ayame_(hololive_summer_2019)	194
black sister, neptune (series)	black_sister	193
family computer robot, fire emblem	family_computer_robot	193
graf zeppelin (beachside urd) (azur lane), azur lane	graf_zeppelin_(beachside_urd)_(azur_lane)	193
kagura suzu (.live), .live	kagura_suzu_(.live)	193
keqing (lantern rite) (genshin impact), genshin impact	keqing_(lantern_rite)_(genshin_impact)	193
mizuki (vtuber), meridian project	mizuki_(vtuber)	193
natsuiro matsuri (hololive summer 2019), hololive	natsuiro_matsuri_(hololive_summer_2019)	193
suzuran (lostlands flowering) (arknights), arknights	suzuran_(lostlands_flowering)_(arknights)	193
tokai teio (beyond the horizon) (umamusume), umamusume	tokai_teio_(beyond_the_horizon)_(umamusume)	193
tosa (hometown zest) (azur lane), azur lane	tosa_(hometown_zest)_(azur_lane)	193
type 95 (narcissus) (girls' frontline), girls' frontline	type_95_(narcissus)_(girls'_frontline)	193
dark angel olivia, granblue fantasy	dark_angel_olivia	192
maribelle (fire emblem), fire emblem	maribelle_(fire_emblem)	192
maya (azur lane), azur lane	maya_(azur_lane)	192
takao (school romanza) (azur lane), azur lane	takao_(school_romanza)_(azur_lane)	192
tooyama rin, new game!	tooyama_rin	192
abyss mage (genshin impact), genshin impact	abyss_mage_(genshin_impact)	191
ch'en the holungday (elite ii) (arknights), arknights	ch'en_the_holungday_(elite_ii)_(arknights)	191
gabi braun, shingeki no kyojin	gabi_braun	191
kiryu coco (dragon), hololive	kiryu_coco_(dragon)	191
nohara rin, naruto (series)	nohara_rin	190
ultimecia, final fantasy	ultimecia	190
cosmo (chainsaw man), chainsaw man	cosmo_(chainsaw_man)	189
fan la norne, xenoblade chronicles (series)	fan_la_norne	189
kurusu kanako, ore no imouto ga konna ni kawaii wake ga nai	kurusu_kanako	189
leprechaun (last origin), last origin	leprechaun_(last_origin)	189
mitama (fire emblem), fire emblem	mitama_(fire_emblem)	189
nightmare (arknights), arknights	nightmare_(arknights)	189
riselia ray crystalia, seiken gakuin no maken tsukai	riselia_ray_crystalia	189
serah farron, final fantasy	serah_farron	189
vikala (blooming summer wallflower) (granblue fantasy), granblue fantasy	vikala_(blooming_summer_wallflower)_(granblue_fantasy)	189
grenville (azur lane), azur lane	grenville_(azur_lane)	188
black lilith (last origin), last origin	black_lilith_(last_origin)	187
elizabeth bathory (halloween caster) (fate), fate/grand order	elizabeth_bathory_(halloween_caster)_(fate)	187
gundam calibarn, gundam	gundam_calibarn	187
kamiko kana, indie virtual youtuber	kamiko_kana	187
sinon (solus), sword art online	sinon_(solus)	187
type 80 (girls' frontline), girls' frontline	type_80_(girls'_frontline)	187
bahamut (final fantasy), final fantasy	bahamut_(final_fantasy)	186
carcano m91/38 (girls' frontline), girls' frontline	carcano_m91/38_(girls'_frontline)	186
jun (princess connect!), princess connect!	jun_(princess_connect!)	186
stephanie dora, no game no life	stephanie_dora	186
triandra (fire emblem), fire emblem	triandra_(fire_emblem)	186
usada pekora (new year), hololive	usada_pekora_(new_year)	186
chloe (school festival) (princess connect!), princess connect!	chloe_(school_festival)_(princess_connect!)	185
hakodate omiko, kill la kill	hakodate_omiko	185
kiana kaslana (divine prayer), honkai (series)	kiana_kaslana_(divine_prayer)	185
le triomphant (azur lane), azur lane	le_triomphant_(azur_lane)	185
nezha (fate), fate/grand order	nezha_(fate)	185
sovetskaya belorussiya (azur lane), azur lane	sovetskaya_belorussiya_(azur_lane)	185
frederica nikola tesla, honkai (series)	frederica_nikola_tesla	184
i-26 (azur lane), azur lane	i-26_(azur_lane)	184
ikuno (darling in the franxx), darling in the franxx	ikuno_(darling_in_the_franxx)	184
kos-mos re:, xenoblade chronicles (series)	kos-mos_re:	184
madame ping (genshin impact), genshin impact	madame_ping_(genshin_impact)	184
minfilia warde, final fantasy	minfilia_warde	184
shanna (fire emblem), fire emblem	shanna_(fire_emblem)	184
dorothea arnault (plegian), fire emblem	dorothea_arnault_(plegian)	183
gangut (azur lane), azur lane	gangut_(azur_lane)	183
ibuki douji (second ascension) (fate), fate/grand order	ibuki_douji_(second_ascension)_(fate)	183
kaori (princess connect!), princess connect!	kaori_(princess_connect!)	183
m1918 (girls' frontline), girls' frontline	m1918_(girls'_frontline)	183
rebecca (fire emblem), fire emblem	rebecca_(fire_emblem)	183
scavenger (arknights), arknights	scavenger_(arknights)	183
bard (final fantasy), final fantasy	bard_(final_fantasy)	182
danua (summer) (granblue fantasy), granblue fantasy	danua_(summer)_(granblue_fantasy)	182
gretel (granblue fantasy), granblue fantasy	gretel_(granblue_fantasy)	182
jessica (granblue fantasy), granblue fantasy	jessica_(granblue_fantasy)	182
jinno megumi, eromanga sensei	jinno_megumi	182
laevatein (fire emblem), fire emblem	laevatein_(fire_emblem)	182
mai (dragon ball), dragon ball	mai_(dragon_ball)	182
petra gurin (2nd costume), nijisanji	petra_gurin_(2nd_costume)	182
an-94 (silent rouge) (girls' frontline), girls' frontline	an-94_(silent_rouge)_(girls'_frontline)	181
arama (genshin impact), genshin impact	arama_(genshin_impact)	181
cz75 (girls' frontline), girls' frontline	cz75_(girls'_frontline)	181
hansel (granblue fantasy), granblue fantasy	hansel_(granblue_fantasy)	181
helel ben shalem, granblue fantasy	helel_ben_shalem	181
mysterious ranmaru x (fate), fate/grand order	mysterious_ranmaru_x_(fate)	181
ryugasaki rene (2nd costume), nanashi inc.	ryugasaki_rene_(2nd_costume)	181
suzume (princess connect!), princess connect!	suzume_(princess_connect!)	181
unicorn (the gift of spring) (azur lane), azur lane	unicorn_(the_gift_of_spring)_(azur_lane)	181
yachi hitoka, haikyuu!!	yachi_hitoka	181
angelise reiter, final fantasy	angelise_reiter	180
drake (azur lane), azur lane	drake_(azur_lane)	180
heidi (arknights), arknights	heidi_(arknights)	180
kiana kaslana (valkyrie ranger), honkai (series)	kiana_kaslana_(valkyrie_ranger)	180
meteorite (arknights), arknights	meteorite_(arknights)	180
noelle (kfc) (genshin impact), genshin impact	noelle_(kfc)_(genshin_impact)	180
ro635 (mod3) (girls' frontline), girls' frontline	ro635_(mod3)_(girls'_frontline)	180
shimura nana, boku no hero academia	shimura_nana	180
wakaouji ichigo, k-on!	wakaouji_ichigo	180
charlotte corday (third ascension) (fate), fate/grand order	charlotte_corday_(third_ascension)_(fate)	179
chikuwa (yurucamp), yurucamp	chikuwa_(yurucamp)	179
helena blavatsky (swimsuit archer) (third ascension) (fate), fate/grand order	helena_blavatsky_(swimsuit_archer)_(third_ascension)_(fate)	179
houshou marine (new year), hololive	houshou_marine_(new_year)	179
oerba yun fang, final fantasy	oerba_yun_fang	179
tougou hifumi, persona	tougou_hifumi	179
aek-999 (girls' frontline), girls' frontline	aek-999_(girls'_frontline)	178
cow girl (goblin slayer!), goblin slayer!	cow_girl_(goblin_slayer!)	178
fortune (last origin), last origin	fortune_(last_origin)	178
p7 (girls' frontline), girls' frontline	p7_(girls'_frontline)	178
sanallite (tsukumo sana), hololive	sanallite_(tsukumo_sana)	178
souryuu (azur lane), azur lane	souryuu_(azur_lane)	178
tomimi (silent night) (arknights), arknights	tomimi_(silent_night)_(arknights)	178
vulcan (arknights), arknights	vulcan_(arknights)	178
erebus (azur lane), azur lane	erebus_(azur_lane)	177
martha (swimsuit ruler) (first ascension) (fate), fate/grand order	martha_(swimsuit_ruler)_(first_ascension)_(fate)	177
mecha-fiora, xenoblade chronicles (series)	mecha-fiora	177
monica von ochs, fire emblem	monica_von_ochs	177
dunkerque (summer sucre) (azur lane), azur lane	dunkerque_(summer_sucre)_(azur_lane)	176
ganyu (china merchants bank) (genshin impact), genshin impact	ganyu_(china_merchants_bank)_(genshin_impact)	176
greythroat (arknights), arknights	greythroat_(arknights)	176
melissabelle, granblue fantasy	melissabelle	176
miyamoto musashi (swimsuit berserker) (third ascension) (fate), fate/grand order	miyamoto_musashi_(swimsuit_berserker)_(third_ascension)_(fate)	176
fenrir (shingeki no bahamut), granblue fantasy	fenrir_(shingeki_no_bahamut)	175
hiyori (princess connect!), princess connect!	hiyori_(princess_connect!)	175
kizuna ai (a.i. games), kizuna ai inc.	kizuna_ai_(a.i._games)	175
lily (granblue fantasy), granblue fantasy	lily_(granblue_fantasy)	175
shantotto, final fantasy	shantotto	175
foch (azur lane), azur lane	foch_(azur_lane)	174
geomancer (fft), final fantasy	geomancer_(fft)	174
prinz eugen (symphonic fate) (azur lane), azur lane	prinz_eugen_(symphonic_fate)_(azur_lane)	174
ylgr (fire emblem), fire emblem	ylgr_(fire_emblem)	174
akai haato (hololive summer 2019), hololive	akai_haato_(hololive_summer_2019)	173
peter strasser (azur lane), azur lane	peter_strasser_(azur_lane)	173
akagi (paradise amaryllis) (azur lane), azur lane	akagi_(paradise_amaryllis)_(azur_lane)	172
barbariccia, final fantasy	barbariccia	172
kusunoki shio, indie virtual youtuber	kusunoki_shio	172
micro uzi (girls' frontline), girls' frontline	micro_uzi_(girls'_frontline)	172
yukari (princess connect!), princess connect!	yukari_(princess_connect!)	172
caenis (swimsuit rider) (first ascension) (fate), fate/grand order	caenis_(swimsuit_rider)_(first_ascension)_(fate)	171
komori kinoko, boku no hero academia	komori_kinoko	171
taihou (muse) (azur lane), azur lane	taihou_(muse)_(azur_lane)	171
aizono manami, nijisanji	aizono_manami	170
genny (fire emblem), fire emblem	genny_(fire_emblem)	170
kawajiri shinobu, jojo no kimyou na bouken	kawajiri_shinobu	170
shaddiq zenelli, gundam	shaddiq_zenelli	170
astrologian (final fantasy), final fantasy	astrologian_(final_fantasy)	169
norea du noc, gundam	norea_du_noc	169
type 79 (girls' frontline), girls' frontline	type_79_(girls'_frontline)	169
chen hai (vestibule of wonders) (azur lane), azur lane	chen_hai_(vestibule_of_wonders)_(azur_lane)	168
coyopotato, kemono friends	coyopotato	168
howe (azur lane), azur lane	howe_(azur_lane)	168
kamazuki suzuno, hataraku maou-sama!	kamazuki_suzuno	168
le malin (sleepy sunday) (azur lane), azur lane	le_malin_(sleepy_sunday)_(azur_lane)	168
lich (granblue fantasy), granblue fantasy	lich_(granblue_fantasy)	168
nine-colored deer, a deer of nine colors	nine-colored_deer	168
unicorn gundam banshee, gundam	unicorn_gundam_banshee	168
amagi (wending waters serene lotus) (azur lane), azur lane	amagi_(wending_waters_serene_lotus)_(azur_lane)	167
belfast (iridescent rosa) (azur lane), azur lane	belfast_(iridescent_rosa)_(azur_lane)	167
clarine (fire emblem), fire emblem	clarine_(fire_emblem)	167
fuji aoi, aoi ch.	fuji_aoi	167
hatsune (summer) (princess connect!), princess connect!	hatsune_(summer)_(princess_connect!)	167
high priest (arknights), arknights	high_priest_(arknights)	167
izanami (persona), persona	izanami_(persona)	167
ots-14 (sangria succulent) (girls' frontline), girls' frontline	ots-14_(sangria_succulent)_(girls'_frontline)	167
z1 leberecht maass (azur lane), azur lane	z1_leberecht_maass_(azur_lane)	167
dido (anxious bisque doll) (azur lane), azur lane	dido_(anxious_bisque_doll)_(azur_lane)	166
fenrir (last origin), last origin	fenrir_(last_origin)	166
mash kyrielight (formal dress), fate/grand order	mash_kyrielight_(formal_dress)	166
ronye arabel, sword art online	ronye_arabel	166
saren (christmas) (princess connect!), princess connect!	saren_(christmas)_(princess_connect!)	166
shishio chris (3rd costume), nanashi inc.	shishio_chris_(3rd_costume)	166
siduri (fate), fate/grand order	siduri_(fate)	166
ando ruruka, danganronpa (series)	ando_ruruka	165
carole peppers, honkai (series)	carole_peppers	165
leonardo da vinci (swimsuit ruler) (fate), fate/grand order	leonardo_da_vinci_(swimsuit_ruler)_(fate)	165
mainz (azur lane), azur lane	mainz_(azur_lane)	165
terumi mei, naruto (series)	terumi_mei	165
type 95 (summer cicada) (girls' frontline), girls' frontline	type_95_(summer_cicada)_(girls'_frontline)	165
elira pendora (3rd costume), nijisanji	elira_pendora_(3rd_costume)	164
orochi (fire emblem), fire emblem	orochi_(fire_emblem)	164
paul bunyan (third ascension) (fate), fate/grand order	paul_bunyan_(third_ascension)_(fate)	164
sophia (granblue fantasy), granblue fantasy	sophia_(granblue_fantasy)	164
tamamo no mae (swimsuit lancer) (first ascension) (fate), fate/grand order	tamamo_no_mae_(swimsuit_lancer)_(first_ascension)_(fate)	164
yamashiro (summer offensive?) (azur lane), azur lane	yamashiro_(summer_offensive?)_(azur_lane)	164
aegir (iron blood's dragon maid) (azur lane), azur lane	aegir_(iron_blood's_dragon_maid)_(azur_lane)	163
anastasia (swimsuit archer) (third ascension) (fate), fate/grand order	anastasia_(swimsuit_archer)_(third_ascension)_(fate)	163
gundam aerial rebuild, gundam	gundam_aerial_rebuild	163
k5 (girls' frontline), girls' frontline	k5_(girls'_frontline)	163
kaijin hime do-s, one-punch man	kaijin_hime_do-s	163
kaneki ichika, tokyo ghoul	kaneki_ichika	163
monica kruszewski, code geass	monica_kruszewski	163
ouga saki, amaryllis gumi	ouga_saki	163
strike gundam, gundam	strike_gundam	163
eto (tokyo ghoul), tokyo ghoul	eto_(tokyo_ghoul)	162
ikuchan kaoru (character), indie virtual youtuber	ikuchan_kaoru_(character)	162
invincible dragon (last origin), last origin	invincible_dragon_(last_origin)	162
jeanne d'arc (azur lane), azur lane	jeanne_d'arc_(azur_lane)	162
lene (fire emblem), fire emblem	lene_(fire_emblem)	162
lilith (evangelion), neon genesis evangelion	lilith_(evangelion)	162
mysterious heroine x alter (third ascension) (fate), fate/grand order	mysterious_heroine_x_alter_(third_ascension)_(fate)	162
ovelia atkascha, final fantasy	ovelia_atkascha	162
trance terra branford, final fantasy	trance_terra_branford	162
draculina (last origin), last origin	draculina_(last_origin)	161
edinburgh (azur lane), azur lane	edinburgh_(azur_lane)	161
higashikata daiya, jojo no kimyou na bouken	higashikata_daiya	161
klin (girls' frontline), girls' frontline	klin_(girls'_frontline)	161
leander (azur lane), azur lane	leander_(azur_lane)	161
makinohara shouko, seishun buta yarou	makinohara_shouko	161
sachi (sao), sword art online	sachi_(sao)	161
space ishtar (first ascension) (fate), fate/grand order	space_ishtar_(first_ascension)_(fate)	161
taiga (ookami mio), hololive	taiga_(ookami_mio)	161
tiese schtrinen, sword art online	tiese_schtrinen	161
arato hisako, shokugeki no souma	arato_hisako	160
luna (konosuba), kono subarashii sekai ni shukufuku wo!	luna_(konosuba)	160
nini yuuna, tsunderia	nini_yuuna	160
theresa apocalypse (celestial hymn), honkai (series)	theresa_apocalypse_(celestial_hymn)	160
yozora mel (1st costume), hololive	yozora_mel_(1st_costume)	160
karyl (new year) (princess connect!), princess connect!	karyl_(new_year)_(princess_connect!)	159
lisa (a sobriquet under shade) (genshin impact), genshin impact	lisa_(a_sobriquet_under_shade)_(genshin_impact)	159
nina einstein, code geass	nina_einstein	159
carnelian (shimmering dew) (arknights), arknights	carnelian_(shimmering_dew)_(arknights)	158
colonel olcott (fate), fate/grand order	colonel_olcott_(fate)	158
fujimaru ritsuka (female) (mage's association uniform), fate/grand order	fujimaru_ritsuka_(female)_(mage's_association_uniform)	158
rengoku (fate), fate/grand order	rengoku_(fate)	158
tanaka (chainsaw man), chainsaw man	tanaka_(chainsaw_man)	158
flay allster, gundam	flay_allster	157
gunner (final fantasy), final fantasy	gunner_(final_fantasy)	157
m870 (girls' frontline), girls' frontline	m870_(girls'_frontline)	157
ots-12 (girls' frontline), girls' frontline	ots-12_(girls'_frontline)	157
sochie heim, gundam	sochie_heim	157
wa2000 (date in the snow) (girls' frontline), girls' frontline	wa2000_(date_in_the_snow)_(girls'_frontline)	157
cecile croomy, code geass	cecile_croomy	156
florence nightingale (chaldea lifesavers) (fate), fate/grand order	florence_nightingale_(chaldea_lifesavers)_(fate)	156
higokumaru, honkai (series)	higokumaru	156
le malin (mercredi at the secret base) (azur lane), azur lane	le_malin_(mercredi_at_the_secret_base)_(azur_lane)	156
mk48 (girls' frontline), girls' frontline	mk48_(girls'_frontline)	156
pinky pop hepburn, the moon studio	pinky_pop_hepburn	156
shangri-la (azur lane), azur lane	shangri-la_(azur_lane)	156
shirma, final fantasy	shirma	156
tayelle ebonclaw, final fantasy	tayelle_ebonclaw	156
admiral graf spee (girl's sunday) (azur lane), azur lane	admiral_graf_spee_(girl's_sunday)_(azur_lane)	155
carmilla (swimsuit rider) (third ascension) (fate), fate/grand order	carmilla_(swimsuit_rider)_(third_ascension)_(fate)	155
frankenstein's monster (swimsuit saber) (second ascension) (fate), fate/grand order	frankenstein's_monster_(swimsuit_saber)_(second_ascension)_(fate)	155
kafka (arknights), arknights	kafka_(arknights)	155
kimura seiko, danganronpa (series)	kimura_seiko	155
observer alpha (azur lane), azur lane	observer_alpha_(azur_lane)	155
repulse (azur lane), azur lane	repulse_(azur_lane)	155
surcouf (loisirs balneaires) (azur lane), azur lane	surcouf_(loisirs_balneaires)_(azur_lane)	155
wing gundam zero custom, gundam	wing_gundam_zero_custom	155
akino (princess connect!), princess connect!	akino_(princess_connect!)	154
kshatriya, gundam	kshatriya	154
mg4 (girls' frontline), girls' frontline	mg4_(girls'_frontline)	154
mochizuki momiji, new game!	mochizuki_momiji	154
sara (gundam build divers), gundam	sara_(gundam_build_divers)	154
shiranui (azur lane), azur lane	shiranui_(azur_lane)	154
ump9 (mod3) (girls' frontline), girls' frontline	ump9_(mod3)_(girls'_frontline)	154
vittorio veneto (the flower of la spezia) (azur lane), azur lane	vittorio_veneto_(the_flower_of_la_spezia)_(azur_lane)	154
arisawa tatsuki, bleach	arisawa_tatsuki	153
kagenui yozuru, monogatari (series)	kagenui_yozuru	153
tallinn (azur lane), azur lane	tallinn_(azur_lane)	153
trieste (azur lane), azur lane	trieste_(azur_lane)	153
anew returner, gundam	anew_returner	152
ban hada, nijisanji	ban_hada	152
jean bart (private apres midi) (azur lane), azur lane	jean_bart_(private_apres_midi)_(azur_lane)	152
manticore (under a veil) (arknights), arknights	manticore_(under_a_veil)_(arknights)	152
tamaki (princess connect!), princess connect!	tamaki_(princess_connect!)	152
admiral graf spee (peaceful daily life) (azur lane), azur lane	admiral_graf_spee_(peaceful_daily_life)_(azur_lane)	151
aranea highwind, final fantasy	aranea_highwind	151
avrora (azur lane), azur lane	avrora_(azur_lane)	151
fugee (granblue fantasy), granblue fantasy	fugee_(granblue_fantasy)	151
hk416 (herbal-flavored hard candy) (girls' frontline), girls' frontline	hk416_(herbal-flavored_hard_candy)_(girls'_frontline)	151
iihara nao, resort boin	iihara_nao	151
kaga (everlasting killing stone) (azur lane), azur lane	kaga_(everlasting_killing_stone)_(azur_lane)	151
minase inori, gochuumon wa usagi desu ka?	minase_inori	151
otosaka ayumi, charlotte (anime)	otosaka_ayumi	151
philia (sao), sword art online	philia_(sao)	151
seffyna, nijisanji	seffyna	151
shiba kuukaku, bleach	shiba_kuukaku	151
tikoh, granblue fantasy	tikoh	151
twice (boku no hero academia), boku no hero academia	twice_(boku_no_hero_academia)	151
elbing (azur lane), azur lane	elbing_(azur_lane)	150
lafter frankland, gundam	lafter_frankland	150
marie antoinette (swimsuit caster) (third ascension) (fate), fate/grand order	marie_antoinette_(swimsuit_caster)_(third_ascension)_(fate)	150
santa claus (chainsaw man), chainsaw man	santa_claus_(chainsaw_man)	150
female titan, shingeki no kyojin	female_titan	149
lilique kadoka lipati, gundam	lilique_kadoka_lipati	149
marron (dragon ball), dragon ball	marron_(dragon_ball)	149
newcastle (azur lane), azur lane	newcastle_(azur_lane)	149
saren (real) (princess connect!), princess connect!	saren_(real)_(princess_connect!)	149
space ishtar (third ascension) (fate), fate/grand order	space_ishtar_(third_ascension)_(fate)	149
deepcolor (arknights), arknights	deepcolor_(arknights)	148
gager (girls' frontline), girls' frontline	gager_(girls'_frontline)	148
gundam age-1, gundam	gundam_age-1	148
luffyko, one piece	luffyko	148
nagara (azur lane), azur lane	nagara_(azur_lane)	148
nina kosaka (1st costume), nijisanji	nina_kosaka_(1st_costume)	148
prototype labiata, last origin	prototype_labiata	148
suzuna (princess connect!), princess connect!	suzuna_(princess_connect!)	148
miho (last origin), last origin	miho_(last_origin)	147
murasaki shion (magical girl maid), hololive	murasaki_shion_(magical_girl_maid)	147
prinz eugen (profusion of flowers) (azur lane), azur lane	prinz_eugen_(profusion_of_flowers)_(azur_lane)	147
rosa (masterpiece) (arknights), arknights	rosa_(masterpiece)_(arknights)	147
sabrith ebonclaw, final fantasy	sabrith_ebonclaw	147
tashkent (the bound cruiser) (azur lane), azur lane	tashkent_(the_bound_cruiser)_(azur_lane)	147
berserker (granblue fantasy), granblue fantasy	berserker_(granblue_fantasy)	146
chikuma (azur lane), azur lane	chikuma_(azur_lane)	146
erinys (fire emblem), fire emblem	erinys_(fire_emblem)	146
li xingke, code geass	li_xingke	146
reiji (gundam bf), gundam	reiji_(gundam_bf)	146
rinne (rinrinne), rinrinne	rinne_(rinrinne)	146
rurun rururica, .live	rurun_rururica	146
shisui kiki (1st costume), nanashi inc.	shisui_kiki_(1st_costume)	146
sutera (granblue fantasy), granblue fantasy	sutera_(granblue_fantasy)	146
artoria pendragon (swimsuit ruler) (second ascension) (fate), fate (series)	artoria_pendragon_(swimsuit_ruler)_(second_ascension)_(fate)	145
hallessena, granblue fantasy	hallessena	145
kinu (azur lane), azur lane	kinu_(azur_lane)	145
reno (biggest little cheerleader) (azur lane), azur lane	reno_(biggest_little_cheerleader)_(azur_lane)	145
theresa apocalypse (twilight paladin), honkai (series)	theresa_apocalypse_(twilight_paladin)	145
warlock (granblue fantasy), granblue fantasy	warlock_(granblue_fantasy)	145
00 qan[t], gundam	00_qan[t]	144
ahagon umiko, new game!	ahagon_umiko	144
meruem, hunter x hunter	meruem	144
nemone, granblue fantasy	nemone	144
petelgeuse romaneeconti, re:zero kara hajimeru isekai seikatsu	petelgeuse_romaneeconti	144
porom, final fantasy	porom	144
riko (machikado mazoku), machikado mazoku	riko_(machikado_mazoku)	144
nina (thief) (fire emblem), fire emblem	nina_(thief)_(fire_emblem)	143
priscilla (fire emblem), fire emblem	priscilla_(fire_emblem)	143
schwarz (skyline) (arknights), arknights	schwarz_(skyline)_(arknights)	143
javelin (beach picnic!) (azur lane), azur lane	javelin_(beach_picnic!)_(azur_lane)	142
marie antoinette (swimsuit caster) (second ascension) (fate), fate/grand order	marie_antoinette_(swimsuit_caster)_(second_ascension)_(fate)	142
nishimori yusa, charlotte (anime)	nishimori_yusa	142
wa2000 (op. manta ray) (girls' frontline), girls' frontline	wa2000_(op._manta_ray)_(girls'_frontline)	142
ayanami (niconico) (azur lane), azur lane	ayanami_(niconico)_(azur_lane)	141
cerberus (last origin), last origin	cerberus_(last_origin)	141
fushimi chihiro, persona	fushimi_chihiro	141
jaffar (fire emblem), fire emblem	jaffar_(fire_emblem)	141
kamiki sekai, gundam	kamiki_sekai	141
luluko, code geass	luluko	141
osakabehime (swimsuit archer) (second ascension) (fate), fate/grand order	osakabehime_(swimsuit_archer)_(second_ascension)_(fate)	141
ripper (girls' frontline), girls' frontline	ripper_(girls'_frontline)	141
bataan (azur lane), azur lane	bataan_(azur_lane)	140
bronya zaychik (black nucleus), honkai (series)	bronya_zaychik_(black_nucleus)	140
shinozaki sayoko, code geass	shinozaki_sayoko	140
azuma lim, cyber v	azuma_lim	139
momoi satsuki, kuroko no basuke	momoi_satsuki	139
saint-louis (holy knight's resplendence) (azur lane), azur lane	saint-louis_(holy_knight's_resplendence)_(azur_lane)	139
fei fakkuma, final fantasy	fei_fakkuma	138
hassu, gridman universe	hassu	138
m1911 (girls' frontline), girls' frontline	m1911_(girls'_frontline)	138
mutsuki tooru, tokyo ghoul	mutsuki_tooru	138
sophie pulone, gundam	sophie_pulone	138
tadokoro megumi, shokugeki no souma	tadokoro_megumi	138
florence nightingale (santa) (fate), fate/grand order	florence_nightingale_(santa)_(fate)	137
luetzow (azur lane), azur lane	luetzow_(azur_lane)	137
nagant revolver (mod3) (girls' frontline), girls' frontline	nagant_revolver_(mod3)_(girls'_frontline)	137
tenjin kotone, prismplus	tenjin_kotone	137
terror (azur lane), azur lane	terror_(azur_lane)	137
astesia (starseeker) (arknights), arknights	astesia_(starseeker)_(arknights)	136
athena (granblue fantasy), granblue fantasy	athena_(granblue_fantasy)	136
carmelina (granblue fantasy), granblue fantasy	carmelina_(granblue_fantasy)	136
lancet-2 (arknights), arknights	lancet-2_(arknights)	136
ogasawara haruka, hibike! euphonium	ogasawara_haruka	136
suzuka gozen (santa) (fate), fate/grand order	suzuka_gozen_(santa)_(fate)	136
yuna (sao), sword art online	yuna_(sao)	136
argo the rat, sword art online	argo_the_rat	135
bismarck (beacon of the iron blood) (azur lane), azur lane	bismarck_(beacon_of_the_iron_blood)_(azur_lane)	135
diola (granblue fantasy), granblue fantasy	diola_(granblue_fantasy)	135
medb (alluring chief warden look) (fate), fate/grand order	medb_(alluring_chief_warden_look)_(fate)	135
medb (swimsuit saber) (second ascension) (fate), fate/grand order	medb_(swimsuit_saber)_(second_ascension)_(fate)	135
ping hai (summer vacation) (azur lane), azur lane	ping_hai_(summer_vacation)_(azur_lane)	135
marblehead (azur lane), azur lane	marblehead_(azur_lane)	134
may chang, fullmetal alchemist	may_chang	134
nun bora (2nd costume), nijisanji	nun_bora_(2nd_costume)	134
pengy (granblue fantasy), granblue fantasy	pengy_(granblue_fantasy)	134
suruga (azur lane), azur lane	suruga_(azur_lane)	134
yamiyono moruru, nijisanji	yamiyono_moruru	134
azura cecillia, nijisanji	azura_cecillia	133
gabriel (granblue fantasy), granblue fantasy	gabriel_(granblue_fantasy)	133
kallen kaslana (sixth serenade), honkai (series)	kallen_kaslana_(sixth_serenade)	133
m99 (girls' frontline), girls' frontline	m99_(girls'_frontline)	133
nuernberg (azur lane), azur lane	nuernberg_(azur_lane)	133
reiko holinger, gundam	reiko_holinger	133
vira (summer) (granblue fantasy), granblue fantasy	vira_(summer)_(granblue_fantasy)	133
diantha (granblue fantasy), granblue fantasy	diantha_(granblue_fantasy)	132
ifrit (sunburn) (arknights), arknights	ifrit_(sunburn)_(arknights)	132
laffey (retrofit) (azur lane), azur lane	laffey_(retrofit)_(azur_lane)	132
makarov (girls' frontline), girls' frontline	makarov_(girls'_frontline)	132
ryugasaki rene (3rd costume), nanashi inc.	ryugasaki_rene_(3rd_costume)	132
sharla (xenoblade), xenoblade chronicles (series)	sharla_(xenoblade)	132
eriko (summer) (princess connect!), princess connect!	eriko_(summer)_(princess_connect!)	131
executioner (girls' frontline), girls' frontline	executioner_(girls'_frontline)	131
kokkoro (new year) (princess connect!), princess connect!	kokkoro_(new_year)_(princess_connect!)	131
asuka hina, nijisanji	asuka_hina	130
guild girl (goblin slayer!), goblin slayer!	guild_girl_(goblin_slayer!)	130
hana macchia, nijisanji	hana_macchia	130
kokkoro (ceremonial) (princess connect!), princess connect!	kokkoro_(ceremonial)_(princess_connect!)	130
shizuru (summer) (princess connect!), princess connect!	shizuru_(summer)_(princess_connect!)	130
blue poison (elite ii) (arknights), arknights	blue_poison_(elite_ii)_(arknights)	129
bonanus (genshin impact), genshin impact	bonanus_(genshin_impact)	129
farrah (granblue fantasy), granblue fantasy	farrah_(granblue_fantasy)	129
gravel (modeling night) (arknights), arknights	gravel_(modeling_night)_(arknights)	129
musubime yui, avatar 2.0 project	musubime_yui	129
hina misora, wactor production	hina_misora	128
kitakami futaba, .live	kitakami_futaba	128
reno (reno bunnino) (azur lane), azur lane	reno_(reno_bunnino)_(azur_lane)	128
suomi (korvatunturi pixie) (girls' frontline), girls' frontline	suomi_(korvatunturi_pixie)_(girls'_frontline)	128
algerie (white sand paradise) (azur lane), azur lane	algerie_(white_sand_paradise)_(azur_lane)	127
aurora (elite ii) (arknights), arknights	aurora_(elite_ii)_(arknights)	127
yashiro momoka, gundam	yashiro_momoka	127
boudica (third ascension) (fate), fate/grand order	boudica_(third_ascension)_(fate)	126
north carolina (the heart's desire) (azur lane), azur lane	north_carolina_(the_heart's_desire)_(azur_lane)	126
almeida (granblue fantasy), granblue fantasy	almeida_(granblue_fantasy)	125
tweyen (eternal's summer vacation) (granblue fantasy), granblue fantasy	tweyen_(eternal's_summer_vacation)_(granblue_fantasy)	124
colt revolver (girls' frontline), girls' frontline	colt_revolver_(girls'_frontline)	122
deutschland (service time?!) (azur lane), azur lane	deutschland_(service_time?!)_(azur_lane)	122
enma-chan, hololive	enma-chan	122
hilda ware, final fantasy	hilda_ware	122
illustrious (muse) (azur lane), azur lane	illustrious_(muse)_(azur_lane)	122
sten mkii (girls' frontline), girls' frontline	sten_mkii_(girls'_frontline)	122
altera moontail, final fantasy	altera_moontail	121
spas-12 (midsummer fruit) (girls' frontline), girls' frontline	spas-12_(midsummer_fruit)_(girls'_frontline)	121
time mage, final fantasy	time_mage	121
hammann (rebellious summer) (azur lane), azur lane	hammann_(rebellious_summer)_(azur_lane)	120
kiyohime (third ascension) (fate), fate/grand order	kiyohime_(third_ascension)_(fate)	120
mokota mememe, .live	mokota_mememe	120
minamoto no raikou (swimsuit lancer) (first ascension) (fate), fate/grand order	minamoto_no_raikou_(swimsuit_lancer)_(first_ascension)_(fate)	117
momo (gundam build divers), gundam	momo_(gundam_build_divers)	117
sovetskaya rossiya (the lackadaisical lookout) (azur lane), azur lane	sovetskaya_rossiya_(the_lackadaisical_lookout)_(azur_lane)	117
tabris-xx, neon genesis evangelion	tabris-xx	117
temari (nekomata okayu), hololive	temari_(nekomata_okayu)	117
yonebayashi saiko, tokyo ghoul	yonebayashi_saiko	117
yuudachi (shogun of snowballs) (azur lane), azur lane	yuudachi_(shogun_of_snowballs)_(azur_lane)	117
hk416 (midnight evangelion) (girls' frontline), girls' frontline	hk416_(midnight_evangelion)_(girls'_frontline)	116
little illustrious (azur lane), azur lane	little_illustrious_(azur_lane)	115
strea (sao), sword art online	strea_(sao)	115
iris amicitia, final fantasy	iris_amicitia	114
kinoshita shizuka, k-on!	kinoshita_shizuka	114
baltimore (muse) (azur lane), azur lane	baltimore_(muse)_(azur_lane)	113
zaku ii f/j, gundam	zaku_ii_f/j	113
001 (darling in the franxx), darling in the franxx	001_(darling_in_the_franxx)	112
geegee (granblue fantasy), granblue fantasy	geegee_(granblue_fantasy)	112
isonade orca, indie virtual youtuber	isonade_orca	111
mileina vashti, gundam	mileina_vashti	111
yozakura tama, .live	yozakura_tama	111
pish, neptune (series)	pish	110
tomoe gozen (traveling outfit) (fate), fate/grand order	tomoe_gozen_(traveling_outfit)_(fate)	110
ouroboros (granblue fantasy), granblue fantasy	ouroboros_(granblue_fantasy)	109
heles (summer) (granblue fantasy), granblue fantasy	heles_(summer)_(granblue_fantasy)	108
julietta juris, gundam	julietta_juris	108
kotohara hinari, amaryllis gumi	kotohara_hinari	107
ogre (granblue fantasy), granblue fantasy	ogre_(granblue_fantasy)	105
ning hai (summer hunger) (azur lane), azur lane	ning_hai_(summer_hunger)_(azur_lane)	104
roon (muse) (azur lane), azur lane	roon_(muse)_(azur_lane)	103
commander (girls' frontline) (xiujia yihuizi), girls' frontline	commander_(girls'_frontline)_(xiujia_yihuizi)	102
shinra tsubaki, high school dxd	shinra_tsubaki	102
umino sachi (kakkou no iinazuke), kakkou no iinazuke	umino_sachi_(kakkou_no_iinazuke)	59
kanade (beast tamer), beast tamer	kanade_(beast_tamer)	36
warp trotter (honkai: star rail), honkai: star rail	warp_trotter_(honkai:_star_rail)	27
tania (beast tamer), beast tamer	tania_(beast_tamer)	18
aquila (a sip of sardegnian elegance) (azur lane), azur lane	aquila_(a_sip_of_sardegnian_elegance)_(azur_lane)	17
koyanskaya (lostbelt beast:iv) (fate), fate/grand order	koyanskaya_(lostbelt_beast:iv)_(fate)	15
robin (fire emblem), fire emblem	robin_(fire_emblem)	15
<key> (blue archive), blue archive	<key>_(blue_archive)	0
<key> (robot) (blue archive), blue archive	<key>_(robot)_(blue_archive)	0
abigail williams (swimsuit foreigner) (fate), fate/grand order	abigail_williams_(swimsuit_foreigner)_(fate)	0
aegis (persona), persona	aegis_(persona)	0
agnes digital (lovely jiangshi) (umamusume), umamusume	agnes_digital_(lovely_jiangshi)_(umamusume)	0
akai haato (5th costume), hololive	akai_haato_(5th_costume)	0
alear (female) (fire emblem), fire emblem	alear_(female)_(fire_emblem)	0
alear (fire emblem), fire emblem	alear_(fire_emblem)	0
alpha (punishing: gray raven), punishing: gray raven	alpha_(punishing:_gray_raven)	0
amane kanata (3rd costume), hololive	amane_kanata_(3rd_costume)	0
amano erika (kakkou no iinazuke), kakkou no iinazuke	amano_erika_(kakkou_no_iinazuke)	0
anastasia (swimsuit archer) (fate), fate/grand order	anastasia_(swimsuit_archer)_(fate)	0
ange katrina (2nd costume), nijisanji	ange_katrina_(2nd_costume)	0
anne bonny (swimsuit archer) (fate), fate/grand order	anne_bonny_(swimsuit_archer)_(fate)	0
annie leonhardt, shingeki no kyojin	annie_leonhardt	0
aponia (honkai impact), honkai (series)	aponia_(honkai_impact)	0
arona's sensei doodle (blue archive), blue archive	arona's_sensei_doodle_(blue_archive)	0
artoria caster (swimsuit) (fate), fate/grand order	artoria_caster_(swimsuit)_(fate)	0
artoria caster (swimsuit) (first ascension) (fate), fate/grand order	artoria_caster_(swimsuit)_(first_ascension)_(fate)	0
artoria pendragon (alter swimsuit rider) (fate), fate/grand order	artoria_pendragon_(alter_swimsuit_rider)_(fate)	0
artoria pendragon (alter swimsuit rider) (first ascension) (fate), fate/grand order	artoria_pendragon_(alter_swimsuit_rider)_(first_ascension)_(fate)	0
artoria pendragon (alter swimsuit rider) (second ascension) (fate), fate/grand order	artoria_pendragon_(alter_swimsuit_rider)_(second_ascension)_(fate)	0
artoria pendragon (alter swimsuit rider) (third ascension) (fate), fate/grand order	artoria_pendragon_(alter_swimsuit_rider)_(third_ascension)_(fate)	0
artoria pendragon (lancer alter) (royal icing) (fate), fate/grand order	artoria_pendragon_(lancer_alter)_(royal_icing)_(fate)	0
artoria pendragon (swimsuit archer) (fate), fate/grand order	artoria_pendragon_(swimsuit_archer)_(fate)	0
artoria pendragon (swimsuit archer) (first ascension) (fate), fate/grand order	artoria_pendragon_(swimsuit_archer)_(first_ascension)_(fate)	0
asuna (stacia), sword art online	asuna_(stacia)	0
ayase arisa, love live!	ayase_arisa	0
ayla (punishing: gray raven), punishing: gray raven	ayla_(punishing:_gray_raven)	0
bambinata (punishing: gray raven), punishing: gray raven	bambinata_(punishing:_gray_raven)	0
bao (vtuber), indie virtual youtuber	bao_(vtuber)	0
baobhan sith (swimsuit pretender) (fate), fate/grand order	baobhan_sith_(swimsuit_pretender)_(fate)	0
barghest (swimsuit archer) (fate), fate/grand order	barghest_(swimsuit_archer)_(fate)	0
bb (swimsuit mooncancer) (fate), fate/grand order	bb_(swimsuit_mooncancer)_(fate)	0
benienma (fate), fate/grand order	benienma_(fate)	0
bianca (punishing: gray raven), punishing: gray raven	bianca_(punishing:_gray_raven)	0
bianka durandal ataegina (palatinus equinox), honkai (series)	bianka_durandal_ataegina_(palatinus_equinox)	0
bianka durandal ataegina (valkyrie gloria), honkai (series)	bianka_durandal_ataegina_(valkyrie_gloria)	0
bianka durandal ataegina, honkai (series)	bianka_durandal_ataegina	0
black knight (granblue fantasy), granblue fantasy	black_knight_(granblue_fantasy)	0
black mage, final fantasy	black_mage	0
bomb devil (chainsaw man), chainsaw man	bomb_devil_(chainsaw_man)	0
brynhildr (fate), fate/grand order	brynhildr_(fate)	0
byleth (female) (fire emblem), fire emblem	byleth_(female)_(fire_emblem)	0
byleth (female) (summer) (fire emblem), fire emblem	byleth_(female)_(summer)_(fire_emblem)	0
byleth (fire emblem), fire emblem	byleth_(fire_emblem)	0
camilla (spring) (fire emblem), fire emblem	camilla_(spring)_(fire_emblem)	0
camilla (summer) (fire emblem), fire emblem	camilla_(summer)_(fire_emblem)	0
caren hortensia (amor caren), fate/grand order	caren_hortensia_(amor_caren)	0
carmilla (swimsuit rider) (fate), fate/grand order	carmilla_(swimsuit_rider)_(fate)	0
cavall the 2nd, fate/grand order	cavall_the_2nd	0
charlotte corday (swimsuit caster) (fate), fate/grand order	charlotte_corday_(swimsuit_caster)_(fate)	0
christa renz, shingeki no kyojin	christa_renz	0
commandant (punishing: gray raven), punishing: gray raven	commandant_(punishing:_gray_raven)	0
corrin (female) (adrift) (fire emblem), fire emblem	corrin_(female)_(adrift)_(fire_emblem)	0
corrin (female) (fire emblem), fire emblem	corrin_(female)_(fire_emblem)	0
corrin (female) (nohr noble) (fire emblem), fire emblem	corrin_(female)_(nohr_noble)_(fire_emblem)	0
corrin (female) (summer) (fire emblem), fire emblem	corrin_(female)_(summer)_(fire_emblem)	0
corrin (fire emblem), fire emblem	corrin_(fire_emblem)	0
curren chan (sakutsuki ma cherie) (umamusume), umamusume	curren_chan_(sakutsuki_ma_cherie)_(umamusume)	0
daiwa scarlet (scarlet nuit etoile) (umamusume), umamusume	daiwa_scarlet_(scarlet_nuit_etoile)_(umamusume)	0
daiwa scarlet (trifle vacation) (umamusume), umamusume	daiwa_scarlet_(trifle_vacation)_(umamusume)	0
dark jeanne, granblue fantasy	dark_jeanne	0
elizabeth bathory (fate/extra ccc), fate (series)	elizabeth_bathory_(fate/extra_ccc)	0
elizabeth bathory (first ascension) (fate), fate (series)	elizabeth_bathory_(first_ascension)_(fate)	0
elsa granhilte, re:zero kara hajimeru isekai seikatsu	elsa_granhilte	0
elysia (herrscher of human:ego) (honkai impact), honkai (series)	elysia_(herrscher_of_human:ego)_(honkai_impact)	0
enlightened byleth (female), fire emblem	enlightened_byleth_(female)	0
female tourist c (arknights), arknights	female_tourist_c_(arknights)	0
freija crescent, final fantasy	freija_crescent	0
fu hua (herrscher of sentience), honkai (series)	fu_hua_(herrscher_of_sentience)	0
gawr gura (2nd costume), hololive	gawr_gura_(2nd_costume)	0
gawr gura (3rd costume), hololive	gawr_gura_(3rd_costume)	0
genocider shou, danganronpa (series)	genocider_shou	0
gold ship (run revolt launcher) (umamusume), umamusume	gold_ship_(run_revolt_launcher)_(umamusume)	0
grima (fire emblem), fire emblem	grima_(fire_emblem)	0
hadou nejire, boku no hero academia	hadou_nejire	0
hagakure tooru, boku no hero academia	hagakure_tooru	0
helena blavatsky (swimsuit archer) (fate), fate/grand order	helena_blavatsky_(swimsuit_archer)_(fate)	0
himemori luna (3rd costume), hololive	himemori_luna_(3rd_costume)	0
hoshimachi suisei (3rd costume), hololive	hoshimachi_suisei_(3rd_costume)	0
hoshimachi suisei (school uniform), hololive	hoshimachi_suisei_(school_uniform)	0
hoshino (young) (blue archive), blue archive	hoshino_(young)_(blue_archive)	0
hoshino ai (oshi no ko), oshi no ko	hoshino_ai_(oshi_no_ko)	0
houshou marine (3rd costume), hololive	houshou_marine_(3rd_costume)	0
houshou marine (6th costume), hololive	houshou_marine_(6th_costume)	0
ibaraki douji (swimsuit lancer) (fate), fate/grand order	ibaraki_douji_(swimsuit_lancer)_(fate)	0
iki hiyori (noragami), noragami	iki_hiyori_(noragami)	0
illyasviel von einzbern (swimsuit archer), fate/grand order	illyasviel_von_einzbern_(swimsuit_archer)	0
ilya (princess connect!), princess connect!	ilya_(princess_connect!)	0
inaba haneru (animare), nanashi inc.	inaba_haneru_(animare)	0
inugami korone (2nd costume), hololive	inugami_korone_(2nd_costume)	0
inugami korone (4th costume), hololive	inugami_korone_(4th_costume)	0
iris heart, neptune (series)	iris_heart	0
isekai joucho, kamitsubaki studio	isekai_joucho	0
jack frost, persona	jack_frost	0
jeanne d'arc (swimsuit archer) (fate), fate/grand order	jeanne_d'arc_(swimsuit_archer)_(fate)	0
jirou kyouka, boku no hero academia	jirou_kyouka	0
kallen stadtfeld, code geass	kallen_stadtfeld	0
kama (first ascension) (fate), fate/grand order	kama_(first_ascension)_(fate)	0
kama (second ascension) (fate), fate/grand order	kama_(second_ascension)_(fate)	0
kama (swimsuit avenger) (fate), fate/grand order	kama_(swimsuit_avenger)_(fate)	0
kama (third ascension) (fate), fate/grand order	kama_(third_ascension)_(fate)	0
kana (female) (fire emblem), fire emblem	kana_(female)_(fire_emblem)	0
kana (fire emblem), fire emblem	kana_(fire_emblem)	0
karenina (punishing: gray raven), punishing: gray raven	karenina_(punishing:_gray_raven)	0
kendou itsuka, boku no hero academia	kendou_itsuka	0
kiichi hougen (fate), fate/grand order	kiichi_hougen_(fate)	0
kiryu coco (3rd costume), hololive	kiryu_coco_(3rd_costume)	0
kiryuuin aoi, umamusume	kiryuuin_aoi	0
kiyohime (swimsuit lancer) (fate), fate/grand order	kiyohime_(swimsuit_lancer)_(fate)	0
kon (fate), fate/grand order	kon_(fate)	0
kousaka honoka, love live!	kousaka_honoka	0
kousaka yukiho, love live!	kousaka_yukiho	0
kyouka (halloween) (princess connect!), princess connect!	kyouka_(halloween)_(princess_connect!)	0
kyouka (princess connect!), princess connect!	kyouka_(princess_connect!)	0
lamia (punishing: gray raven), punishing: gray raven	lamia_(punishing:_gray_raven)	0
leafa (terraria), sword art online	leafa_(terraria)	0
leafa, sword art online	leafa	0
little red riding hood (grimm), little red riding hood	little_red_riding_hood_(grimm)	0
liv (punishing: gray raven), punishing: gray raven	liv_(punishing:_gray_raven)	0
liv: empyrea (punishing: gray raven), punishing: gray raven	liv:_empyrea_(punishing:_gray_raven)	0
lize helesta (4th costume), nijisanji	lize_helesta_(4th_costume)	0
lucia (punishing: gray raven), punishing: gray raven	lucia_(punishing:_gray_raven)	0
lucia: crimson abyss (punishing: gray raven), punishing: gray raven	lucia:_crimson_abyss_(punishing:_gray_raven)	0
lucia: crimson weave (punishing: gray raven), punishing: gray raven	lucia:_crimson_weave_(punishing:_gray_raven)	0
lucia: plume (punishing: gray raven), punishing: gray raven	lucia:_plume_(punishing:_gray_raven)	0
lucina (spring) (fire emblem), fire emblem	lucina_(spring)_(fire_emblem)	0
luna (punishing: gray raven), punishing: gray raven	luna_(punishing:_gray_raven)	0
luna: laurel (punishing: gray raven), punishing: gray raven	luna:_laurel_(punishing:_gray_raven)	0
lyn (summer) (fire emblem), fire emblem	lyn_(summer)_(fire_emblem)	0
maria (fire emblem), fire emblem	maria_(fire_emblem)	0
marie (atelier), atelier (series)	marie_(atelier)	0
marie antoinette (alter) (fate), fate/grand order	marie_antoinette_(alter)_(fate)	0
marie antoinette (swimsuit caster) (fate), fate/grand order	marie_antoinette_(swimsuit_caster)_(fate)	0
maruzensky (blasting off summer night) (umamusume), umamusume	maruzensky_(blasting_off_summer_night)_(umamusume)	0
matikane tannhauser (umamusume), umamusume	matikane_tannhauser_(umamusume)	0
mc lita, kmnz	mc_lita	0
mc liz, kmnz	mc_liz	0
medb (swimsuit saber) (fate), fate/grand order	medb_(swimsuit_saber)_(fate)	0
medea (lily) (fate), fate/grand order	medea_(lily)_(fate)	0
mejiro mcqueen (end of sky) (umamusume), umamusume	mejiro_mcqueen_(end_of_sky)_(umamusume)	0
mejiro mcqueen (ripple fairlady) (umamusume), umamusume	mejiro_mcqueen_(ripple_fairlady)_(umamusume)	0
merlin (fate/prototype) (second ascension), fate/grand order	merlin_(fate/prototype)_(second_ascension)	0
mikeneko (utaite), indie virtual youtuber	mikeneko_(utaite)	0
minato aqua (5th costume), hololive	minato_aqua_(5th_costume)	0
mog, final fantasy	mog	0
momosuzu nene (2nd costume), hololive	momosuzu_nene_(2nd_costume)	0
morgan (female) (fire emblem), fire emblem	morgan_(female)_(fire_emblem)	0
morgan (fire emblem), fire emblem	morgan_(fire_emblem)	0
mori calliope (3rd costume), hololive	mori_calliope_(3rd_costume)	0
mori calliope (6th costume), hololive	mori_calliope_(6th_costume)	0
murasaki shikibu (swimsuit rider) (fate), fate/grand order	murasaki_shikibu_(swimsuit_rider)_(fate)	0
murasaki shion (5th costume), hololive	murasaki_shion_(5th_costume)	0
nakiri ayame (3rd costume), hololive	nakiri_ayame_(3rd_costume)	0
nakiri ayame (5th costume), hololive	nakiri_ayame_(5th_costume)	0
nanami (punishing: gray raven), punishing: gray raven	nanami_(punishing:_gray_raven)	0
nanashi mumei (3rd costume), hololive	nanashi_mumei_(3rd_costume)	0
natsuiro matsuri (5th costume), hololive	natsuiro_matsuri_(5th_costume)	0
natsumi (date a live), date a live	natsumi_(date_a_live)	0
nekomata okayu (3rd costume), hololive	nekomata_okayu_(3rd_costume)	0
nekomata okayu (4th costume), hololive	nekomata_okayu_(4th_costume)	0
nekomata okayu (6th costume), hololive	nekomata_okayu_(6th_costume)	0
nice nature (run&win) (umamusume), umamusume	nice_nature_(run&win)_(umamusume)	0
ninomae ina'nis (2nd costume), hololive	ninomae_ina'nis_(2nd_costume)	0
ninomae ina'nis (5th costume), hololive	ninomae_ina'nis_(5th_costume)	0
no.21 (punishing: gray raven), punishing: gray raven	no.21_(punishing:_gray_raven)	0
no.21: feral scent (punishing: gray raven), punishing: gray raven	no.21:_feral_scent_(punishing:_gray_raven)	0
no.21: xxi (punishing: gray raven), punishing: gray raven	no.21:_xxi_(punishing:_gray_raven)	0
omaru polka (3rd costume), hololive	omaru_polka_(3rd_costume)	0
ookami mio (3rd costume), hololive	ookami_mio_(3rd_costume)	0
ookami mio (5th costume), hololive	ookami_mio_(5th_costume)	0
oozora subaru (2nd costume), hololive	oozora_subaru_(2nd_costume)	0
oozora subaru (5th costume), hololive	oozora_subaru_(5th_costume)	0
ouro kronii (3rd costume), hololive	ouro_kronii_(3rd_costume)	0
ousaka shizuku, love live!	ousaka_shizuku	0
pardofelis (honkai impact), honkai (series)	pardofelis_(honkai_impact)	0
pavolia reine (2nd costume), hololive	pavolia_reine_(2nd_costume)	0
red mage, final fantasy	red_mage	0
rice shower (make up vampire!) (umamusume), umamusume	rice_shower_(make_up_vampire!)_(umamusume)	0
rita rossweisse (artemis), honkai (series)	rita_rossweisse_(artemis)	0
riyo servant (bunnygirl) (fate), fate/grand order	riyo_servant_(bunnygirl)_(fate)	0
robin (female) (fire emblem), fire emblem	robin_(female)_(fire_emblem)	0
robin (female) (summer) (fire emblem), fire emblem	robin_(female)_(summer)_(fire_emblem)	0
rororina fryxell, atelier (series)	rororina_fryxell	0
rosetta (punishing: gray raven), punishing: gray raven	rosetta_(punishing:_gray_raven)	0
rx-78-2, gundam	rx-78-2	0
saber alter (ver. shinjuku 1999) (fate), fate/grand order	saber_alter_(ver._shinjuku_1999)_(fate)	0
saber, fate (series)	saber	0
sakuna memoire (hikikomari kyuuketsuki no monmon), hikikomari kyuuketsuki no monmon	sakuna_memoire_(hikikomari_kyuuketsuki_no_monmon)	0
sakura miko (3rd costume), hololive	sakura_miko_(3rd_costume)	0
sakura miko (4th costume), hololive	sakura_miko_(4th_costume)	0
sakurakouji kinako, love live!	sakurakouji_kinako	0
sanya (kuzuha), nijisanji	sanya_(kuzuha)	0
sasha braus, shingeki no kyojin	sasha_braus	0
scathach skadi (fate), fate/grand order	scathach_skadi_(fate)	0
scathach skadi (swimsuit ruler) (fate), fate/grand order	scathach_skadi_(swimsuit_ruler)_(fate)	0
scathach skadi (third ascension) (fate), fate/grand order	scathach_skadi_(third_ascension)_(fate)	0
segawa hiro (kakkou no iinazuke), kakkou no iinazuke	segawa_hiro_(kakkou_no_iinazuke)	0
sei shounagon (swimsuit berserker) (fate), fate/grand order	sei_shounagon_(swimsuit_berserker)_(fate)	0
selen tatsuki (2nd costume), nijisanji	selen_tatsuki_(2nd_costume)	0
selena (punishing: gray raven), punishing: gray raven	selena_(punishing:_gray_raven)	0
sessyoin kiara (swimsuit mooncancer), fate/grand order	sessyoin_kiara_(swimsuit_mooncancer)	0
shez (female) (fire emblem), fire emblem	shez_(female)_(fire_emblem)	0
shez (fire emblem), fire emblem	shez_(fire_emblem)	0
shiitake (love live! sunshine!!), love live!	shiitake_(love_live!_sunshine!!)	0
shin-chan (evangelion), neon genesis evangelion	shin-chan_(evangelion)	0
shion (tensei shitara slime datta ken), tensei shitara slime datta ken	shion_(tensei_shitara_slime_datta_ken)	0
shirakami fubuki (3rd costume), hololive	shirakami_fubuki_(3rd_costume)	0
shirakami fubuki (6th costume), hololive	shirakami_fubuki_(6th_costume)	0
shirakami fubuki (7th costume), hololive	shirakami_fubuki_(7th_costume)	0
shiranui flare (3rd costume), hololive	shiranui_flare_(3rd_costume)	0
shirogane noel (3rd costume), hololive	shirogane_noel_(3rd_costume)	0
shishiro botan (3rd costume), hololive	shishiro_botan_(3rd_costume)	0
shishiro botan (4th costume), hololive	shishiro_botan_(4th_costume)	0
siro (dennou shoujo youtuber siro), dennou shoujo youtuber siro	siro_(dennou_shoujo_youtuber_siro)	0
sister cleaire (1st costume), nijisanji	sister_cleaire_(1st_costume)	0
sister cleaire, nijisanji	sister_cleaire	0
sonia (fire emblem), fire emblem	sonia_(fire_emblem)	0
sonya (fire emblem), fire emblem	sonya_(fire_emblem)	0
special week (hopping vitamin heart) (umamusume), umamusume	special_week_(hopping_vitamin_heart)_(umamusume)	0
super creek (chiffon ribbon mummy) (umamusume), umamusume	super_creek_(chiffon_ribbon_mummy)_(umamusume)	0
tachibana hinano (vtuber), vspo!	tachibana_hinano_(vtuber)	0
taihou (forbidden feast) (azur lane), azur lane	taihou_(forbidden_feast)_(azur_lane)	0
takamaki anne, persona	takamaki_anne	0
takanashi kiara (2nd costume), hololive	takanashi_kiara_(2nd_costume)	0
takasaki yuu, love live!	takasaki_yuu	0
tamamo (fate), fate (series)	tamamo_(fate)	0
tamamo no mae (fate/extra), fate (series)	tamamo_no_mae_(fate/extra)	0
tennouji rina, love live!	tennouji_rina	0
the emperor (arknights), arknights	the_emperor_(arknights)	0
theresa apocalypse (lunar vow: crimson love), honkai (series)	theresa_apocalypse_(lunar_vow:_crimson_love)	0
theresa apocalypse (sakura rondo), honkai (series)	theresa_apocalypse_(sakura_rondo)	0
tiki (adult) (summer) (fire emblem), fire emblem	tiki_(adult)_(summer)_(fire_emblem)	0
tokitarou (fate), fate/grand order	tokitarou_(fate)	0
tokoyami towa (5th costume), hololive	tokoyami_towa_(5th_costume)	0
tokoyami towa (school uniform), hololive	tokoyami_towa_(school_uniform)	0
tomoe gozen (swimsuit saber) (fate), fate/grand order	tomoe_gozen_(swimsuit_saber)_(fate)	0
tonelico (fate), fate/grand order	tonelico_(fate)	0
tonelico (first ascension) (fate), fate/grand order	tonelico_(first_ascension)_(fate)	0
toudou erena, love live!	toudou_erena	0
toujou nozomi, love live!	toujou_nozomi	0
tsunomaki watame (3rd costume), hololive	tsunomaki_watame_(3rd_costume)	0
uraraka ochako, boku no hero academia	uraraka_ochako	0
ursula (fire emblem), fire emblem	ursula_(fire_emblem)	0
usada pekora (4th costume), hololive	usada_pekora_(4th_costume)	0
usada pekora (5th costume), hololive	usada_pekora_(5th_costume)	0
ushiwakamaru (swimsuit assassin) (fate), fate/grand order	ushiwakamaru_(swimsuit_assassin)_(fate)	0
utsumi erice (swimsuit avenger), fate/grand order	utsumi_erice_(swimsuit_avenger)	0
utsushimi kemii, boku no hero academia	utsushimi_kemii	0
valkyrie police academy student (blue archive), blue archive	valkyrie_police_academy_student_(blue_archive)	0
vei (vtuber) (4th costume), vshojo	vei_(vtuber)_(4th_costume)	0
vei (vtuber) (sky empress), vshojo	vei_(vtuber)_(sky_empress)	0
venus park (umamusume), umamusume	venus_park_(umamusume)	0
vera (punishing: gray raven), punishing: gray raven	vera_(punishing:_gray_raven)	0
villhaze (hikikomari kyuuketsuki no monmon), hikikomari kyuuketsuki no monmon	villhaze_(hikikomari_kyuuketsuki_no_monmon)	0
warabeda meijii, nijisanji	warabeda_meijii	0
watson amelia (2nd costume), hololive	watson_amelia_(2nd_costume)	0
watson amelia (3rd costume), hololive	watson_amelia_(3rd_costume)	0
white mage, final fantasy	white_mage	0
wii fit trainer, wii fit	wii_fit_trainer	0
yatogami tooka, date a live	yatogami_tooka	0
yoshida yuuko (machikado mazoku), machikado mazoku	yoshida_yuuko_(machikado_mazoku)	0
yoshino (date a live), date a live	yoshino_(date_a_live)	0
yukihana lamy (3rd costume), hololive	yukihana_lamy_(3rd_costume)	0
yukihana lamy (4th costume), hololive	yukihana_lamy_(4th_costume)	0
yuuki anju, love live!	yuuki_anju	0
yuuki setsuna (love live!), love live!	yuuki_setsuna_(love_live!)	0
zaku, gundam	zaku	0
